generated_at,symbol,prev_close,ma20,ma50,atr_pct,prior_high,prior_low,return_20d,price,session_open,gap,day_change,vwap,vwap_dist,volume_ratio,opening_range_high,opening_range_low,breakout_or,crossed_vwap,momentum_15m,near_support,state,score,reason,stop,target_1r,target_2r,volume_ratio_tod,minutes_from_open,market_regime,v2_state,v2_score,v2_reason,v2_stop,v2_target_1r,v2_target_2r,v3_state,v3_score,v3_reason,v3_stop,v3_target_1r,v3_target_2r
2026-09-02T17:05:50.834028+00:00,NVDA,217.44000244140625,219.34600143432613,209.3077996826172,0.0329877476159746,220.4100036621093,215.1000061035156,0.0288751108284224,225.530502319336,218.7850036621093,0.0061856199668943,0.0372079644365799,224.32096515104453,0.0053919934210204,0.5347605227217305,222.11990356445312,218.47999572753903,True,False,-0.0010908654933988,False,WATCH,54.0,holding above VWAP; opening-range breakout; positive 1M trend; enough daily range,222.92659216776096,228.1344124709109,230.7383226224859,,,,,,,,,,,,,,,
2026-09-02T17:05:50.834028+00:00,ORCL,141.32000732421875,147.16400527954102,139.76980239868163,0.0416869450827381,146.7899932861328,139.9499969482422,0.005195005296033,145.14010620117188,140.25999450683594,-0.0075007979227662,0.0270315502332871,144.1691554664247,0.0067348021260573,0.3295969788559743,144.6699981689453,139.72000122070312,True,False,0.0006211868150178,False,WATCH,50.0,holding above VWAP; opening-range breakout; positive 1M trend; enough daily range,143.02244952839305,147.25776287395072,149.37541954672955,,,,,,,,,,,,,,,
2026-09-02T20:03:20.189538+00:00,ORCL,141.32000732421875,147.19550018310548,139.78240036010743,0.0419311190125637,146.7899932861328,139.9499969482422,0.0095574824340045,145.8,140.25999450683594,-0.0075007979227662,0.0317010504075561,144.77817374210244,0.0070578750338279,2.707367287385469,144.6699981689453,139.72000122070312,True,False,-0.0013014965820584,True,ENTRY TRIGGERED,78.0,holding above VWAP; opening-range breakout; volume 2.7x; near support; positive 1M trend; enough daily range,143.6602549967889,147.93974500321113,150.07949000642225,,,,,,,,,,,,,,,
2026-09-02T20:03:20.189538+00:00,RGTI,14.989999771118164,17.01125011444092,16.5799001121521,0.0677118227205852,15.289999961853027,14.8100004196167,-0.1138260263962035,14.9,14.81999969482422,-0.0113408991921061,-0.0060039874911519,14.879823285492304,0.0013559781000469,8.302329396251677,14.864999771118164,14.595000267028809,True,True,-0.0016750546341957,True,ENTRY TRIGGERED,75.0,VWAP reclaim; opening-range breakout; volume 8.3x; near support; enough daily range,14.6765,15.1235,15.347,,,,,,,,,,,,,,,
2026-09-02T20:03:20.189538+00:00,ASML,1665.1400146484375,1756.836004638672,1756.3323974609375,0.0263004110486011,1684.0,1651.2099609375,0.0024311938817476,1675.0,1671.3299560546875,0.0037173699219263,0.0059214151751942,1673.6927498409734,0.0007810574307325,2.834231978371983,1672.1300048828125,1650.2010498046875,True,False,-0.0041380063135513,False,WATCH,66.0,holding above VWAP; opening-range breakout; volume 2.8x; positive 1M trend; enough daily range,1659.5813840227577,1690.4186159772423,1705.8372319544849,,,,,,,,,,,,,,,
2026-09-02T20:03:20.189538+00:00,NVO,45.119998931884766,46.44608478546142,47.90623382568359,0.0274901882116648,46.15999984741211,45.06999969482422,0.0498922667097965,46.775,46.04999923706055,0.0206117093792435,0.0366799890800906,46.67891825234671,0.0020583542046512,6.143092157242437,46.93999862670898,45.90999984741211,False,False,-3.26216752499775e-08,True,WATCH,60.0,holding above VWAP; volume 6.1x; near support; positive 1M trend; enough daily range,46.32495125623978,47.22504874376022,47.67509748752044,,,,,,,,,,,,,,,
2026-09-02T20:03:20.189538+00:00,IWM,290.57000732421875,299.29649963378904,297.1022003173828,0.0104806187974857,292.94000244140625,289.9700012207031,-0.0191813730884773,294.07,291.5400085449219,0.0033382702834183,0.0120452647814952,293.34651927717084,0.0024663006897502,5.450060600328217,293.1700134277344,291.19000244140625,True,False,0.0006124241811271,True,WATCH,60.0,holding above VWAP; opening-range breakout; volume 5.5x; near support,292.30558,295.83442,297.59883999999994,,,,,,,,,,,,,,,
2026-09-02T20:03:20.189538+00:00,NVDA,217.44000244140625,219.2890014648437,209.28499969482425,0.0329877476159746,220.4100036621093,215.1000061035156,0.0236748581904309,224.3823,218.7850036621093,0.0061856199668943,0.0319274166696372,224.42174427676463,-0.0001757596033831,3.691385243094186,222.11990356445312,218.47999572753903,True,False,-0.0005910491058913,False,WATCH,60.0,opening-range breakout; volume 3.7x; positive 1M trend; enough daily range,221.7916466613378,226.97295333866217,229.5636066773244,,,,,,,,,,,,,,,
2026-09-02T20:03:20.189538+00:00,TSLA,356.0899963378906,344.32249908447267,358.3517987060547,0.0374182990311807,362.7000122070313,352.9599914550781,0.1102784118141138,356.7995,360.6099853515625,0.0126933894806269,0.0019924841175154,353.97501518697743,0.0079793338282099,3.2094171159711533,360.6199951171875,349.9200134277344,False,False,0.0015143160040049,True,WATCH,60.0,holding above VWAP; volume 3.2x; near support; positive 1M trend; enough daily range,352.1267093651885,361.47229063481154,366.1450812696231,,,,,,,,,,,,,,,
2026-09-02T20:03:20.189538+00:00,SNDK,1536.8699951171875,1488.581494140625,1569.339990234375,0.0749538129763878,1609.60498046875,1513.0,0.1502406696883098,1550.76,1531.6199951171875,-0.0034160338979093,0.0090378528612977,1542.3025620542894,0.0054836438412224,2.5779807172106146,1587.85888671875,1509.239990234375,False,False,-0.0041868059528246,True,WATCH,60.0,holding above VWAP; volume 2.6x; near support; positive 1M trend; enough daily range,1527.4986,1574.0214,1597.2828000000002,,,,,,,,,,,,,,,
2026-09-02T20:03:20.189538+00:00,AVGO,369.6799926757813,384.9869995117188,384.58,0.0323909516280055,371.3999938964844,362.0,-0.1220235456963669,369.1268,369.6799926757813,0.0,-0.0014964095616243,368.3982534195749,0.0019776059567668,13.249153741127127,369.6799926757813,364.6499938964844,False,True,0.0050967177909113,False,WATCH,59.0,VWAP reclaim; volume 13.2x; 15m momentum; enough daily range,364.94207108680985,373.31152891319016,377.4962578263803,,,,,,,,,,,,,,,
2026-09-02T20:03:20.189538+00:00,CAT,779.1599731445312,827.964501953125,881.4403991699219,0.0324085307727092,790.219970703125,774.5499877929688,-0.0903935214785827,791.41,778.510009765625,-0.0008341847647578,0.0157220946630896,785.3814835219973,0.0076759085928128,3.4658450973112034,779.77001953125,771.3900146484375,True,False,-0.0015391858437063,False,WATCH,59.0,holding above VWAP; opening-range breakout; volume 3.5x; enough daily range,782.4330476314095,800.3869523685904,809.3639047371809,,,,,,,,,,,,,,,
2026-09-02T20:03:20.189538+00:00,CVX,211.0500030517578,201.03250122070312,189.6278002929688,0.0178393765701041,211.0800018310547,207.8000030517578,0.1358832752182568,211.8,210.4900054931641,-0.0026533880620528,0.0035536457588123,211.76389038938183,0.0001705182623523,2.355840337268268,212.72000122070312,209.4600067138672,False,True,-0.0012731990139743,False,WATCH,57.0,VWAP reclaim; volume 2.4x; positive 1M trend,210.47756701485807,213.12243298514184,214.44486597028367,,,,,,,,,,,,,,,
2026-09-02T20:03:20.189538+00:00,NFLX,80.80999755859375,78.65550003051757,75.07659957885743,0.0267028614350744,82.12999725341797,79.5999984741211,0.1149596598318118,82.57,80.54000091552734,-0.0033411292070716,0.0217795136069656,82.37604197415436,0.0023545441271199,8.666889872708325,83.12000274658203,80.30000305175781,False,False,-0.0019943265744162,False,WATCH,56.0,holding above VWAP; volume 8.7x; positive 1M trend; enough daily range,81.79830065595706,83.34169934404292,84.11339868808585,,,,,,,,,,,,,,,
2026-09-02T20:03:20.189538+00:00,SPY,761.780029296875,768.9779968261719,755.3416015625,0.0067173453582511,764.6699829101562,759.47998046875,-0.0059626209113227,765.2686,762.4500122070312,0.000879496553322,0.0045794987646827,764.7133347100167,0.0007261090722234,1.978818710458152,763.739990234375,761.72998046875,True,False,6.354943511244215e-05,True,WATCH,56.0,holding above VWAP; opening-range breakout; volume 2.0x; near support,761.72998046875,768.80721953125,772.3458390625,,,,,,,,,,,,,,,
2026-09-02T20:03:20.189538+00:00,MU,933.4400024414062,932.5184997558594,944.026004638672,0.0498649485265743,969.4400024414062,922.3900146484376,0.070410567154286,955.0,930.8250122070312,-0.0028014550774935,0.0230973576257753,945.664023685604,0.0098724029682446,1.5857241934462774,957.4899291992188,927.1569213867188,False,False,-0.002538036926324,True,WATCH,56.0,holding above VWAP; volume 1.6x; near support; positive 1M trend; enough daily range,940.675,969.325,983.65,,,,,,,,,,,,,,,
2026-09-02T20:03:20.189538+00:00,MP,53.7400016784668,55.960500144958495,51.45680000305176,0.0640750576800806,54.499000549316406,52.34999847412109,0.141724085517694,54.75,53.70500183105469,-0.0006512811000921,0.0187941624486012,54.423581650046216,0.0059977373788575,2.218533953759115,55.20000076293945,53.5,False,False,-0.0032769034075322,False,WATCH,52.0,holding above VWAP; volume 2.2x; positive 1M trend; enough daily range,53.92875,55.57125,56.3925,,,,,,,,,,,,,,,
2026-09-02T20:03:20.189538+00:00,GOOGL,335.0199890136719,345.1664978027344,348.7305987548828,0.0191204122503132,337.20001220703125,333.04998779296875,-0.0698341695501876,337.35,334.0599975585937,-0.0028654751553912,0.0069548416892613,337.14246362017104,0.0006155747264835,1.8491495739825867,337.1000061035156,332.82000732421875,True,True,-0.0007109106919459,False,WATCH,52.0,VWAP reclaim; opening-range breakout; volume 1.8x,335.0924051245749,339.60759487542515,341.8651897508503,,,,,,,,,,,,,,,
2026-09-02T20:03:20.189538+00:00,QQQ,707.6400146484375,717.5630035400391,710.8923999023438,0.0113040619204424,712.2999877929688,704.6599731445312,-0.011236578413159,709.25,707.1099853515625,-0.0007490097873257,0.0022751474170978,708.124996418144,0.001588707625838,1.4292961532472974,707.5399780273438,705.1099853515625,True,False,-0.000102482088652,True,WATCH,52.0,holding above VWAP; opening-range breakout; volume 1.4x; near support,705.1099853515625,713.3900146484375,717.530029296875,,,,,,,,,,,,,,,
2026-09-02T20:03:20.189538+00:00,XOM,164.5500030517578,160.7340003967285,152.01620025634764,0.0199895696836103,164.6999969482422,162.22000122070312,0.0827012654640773,164.1699981689453,163.92999267578125,-0.0037679147036026,-0.0023093581024909,163.67607726135407,0.003017673174086,2.278306019342472,164.7698974609375,162.77000427246094,False,False,-0.0001826965886383,False,WATCH,49.0,holding above VWAP; volume 2.3x; positive 1M trend,163.0214075025206,165.31858883537004,166.46717950179476,,,,,,,,,,,,,,,
2026-09-02T22:48:16.432866+00:00,ORCL,141.32000732421875,147.19449996948242,139.7820002746582,0.0419311190125637,146.7899932861328,139.9499969482422,0.0094189390962007,145.76,140.25999450683594,-0.0075007979227662,0.0314180048518886,144.780281379663,0.006766934081084,2.7119750997873044,144.6699981689453,139.72000122070312,True,False,-0.001575487941021,True,ENTRY TRIGGERED,78.0,holding above VWAP; opening-range breakout; volume 2.7x; near support; positive 1M trend; enough daily range,143.62084203245504,147.89915796754494,150.03831593508988,,,,,,,,,,,,,,,
2026-09-02T22:48:16.432866+00:00,RGTI,14.989999771118164,17.01125011444092,16.5799001121521,0.0677118227205852,15.289999961853027,14.8100004196167,-0.1138260263962035,14.88,14.81999969482422,-0.0113408991921061,-0.0073382103267342,14.878684272007812,8.843039936423658e-05,8.302329396251677,14.864999771118164,14.595000267028809,True,True,-0.0030150881179081,True,ENTRY TRIGGERED,75.0,VWAP reclaim; opening-range breakout; volume 8.3x; near support; enough daily range,14.6568,15.1032,15.3264,,,,,,,,,,,,,,,
2026-09-02T22:48:16.432866+00:00,ASML,1665.1400146484375,1756.836004638672,1756.3323974609375,0.0263004110486011,1684.0,1651.2099609375,0.0024311938817476,1679.77,1671.3299560546875,0.0037173699219263,0.0087860391455738,1673.6931175197744,0.0036308224109988,2.834231978371983,1672.1300048828125,1650.2010498046875,True,False,-0.0013020291733218,False,WATCH,66.0,holding above VWAP; opening-range breakout; volume 2.8x; positive 1M trend; enough daily range,1664.307475486512,1695.232524513488,1710.695049026976,,,,,,,,,,,,,,,
2026-09-02T22:48:16.432866+00:00,SPY,761.780029296875,768.9759948730468,755.34080078125,0.0067173453582511,764.6699829101562,759.47998046875,-0.0060146338806297,765.4,762.4500122070312,0.000879496553322,0.0047519895034084,764.6940086911327,0.0009232337390423,2.675098614633141,763.739990234375,761.72998046875,True,False,0.0002352647653844,True,WATCH,64.0,holding above VWAP; opening-range breakout; volume 2.7x; near support,761.72998046875,769.07001953125,772.7400390624999,,,,,,,,,,,,,,,
2026-09-02T22:48:16.432866+00:00,NVO,45.119998931884766,46.44699974060059,47.906599807739255,0.0274901882116648,46.15999984741211,45.06999969482422,0.0503032054765792,46.77,46.04999923706055,0.0206117093792435,0.0365691734746305,46.68423509416159,0.0018371277941136,9.551791941592317,46.93999862670898,45.90999984741211,False,False,-0.0001069273268999,True,WATCH,60.0,holding above VWAP; volume 9.6x; near support; positive 1M trend; enough daily range,46.31999936406916,47.22000063593085,47.6700012718617,,,,,,,,,,,,,,,
2026-09-02T22:48:16.432866+00:00,IWM,290.57000732421875,299.2960006713867,297.10200073242186,0.0104806187974857,292.94000244140625,289.9700012207031,-0.0192146627719433,294.05,291.5400085449219,0.0033382702834183,0.0119764345529931,293.34979257946634,0.0023869368182491,5.4713687205777255,293.1700134277344,291.19000244140625,True,False,0.0005443715117503,True,WATCH,60.0,holding above VWAP; opening-range breakout; volume 5.5x; near support,292.2857,295.8143,297.5786,,,,,,,,,,,,,,,
2026-09-02T22:48:16.432866+00:00,NVDA,217.44000244140625,219.2890014648437,209.28499969482425,0.0329877476159746,220.4100036621093,215.1000061035156,0.0236748581904309,224.31,218.7850036621093,0.0061856199668943,0.031594911154607,224.4200242824946,-0.0004902605409048,3.691385243094186,222.11990356445312,218.47999572753903,True,False,-0.0009130765882268,False,WATCH,60.0,opening-range breakout; volume 3.7x; positive 1M trend; enough daily range,221.72018141629127,226.8998185837088,229.48963716741747,,,,,,,,,,,,,,,
2026-09-02T22:48:16.432866+00:00,TSLA,356.0899963378906,344.32249908447267,358.3517987060547,0.0374182990311807,362.7000122070313,352.9599914550781,0.1102784118141138,356.7908,360.6099853515625,0.0126933894806269,0.0019680520916527,353.9748460422957,0.0079552374672628,3.2094171159711533,360.6199951171875,349.9200134277344,False,False,0.0014898956375266,True,WATCH,60.0,holding above VWAP; volume 3.2x; near support; positive 1M trend; enough daily range,352.118123303909,361.463476696091,366.136153392182,,,,,,,,,,,,,,,
2026-09-02T22:48:16.432866+00:00,SNDK,1536.8699951171875,1488.581494140625,1569.339990234375,0.0749538129763878,1609.60498046875,1513.0,0.1502406696883098,1551.5,1531.6199951171875,-0.0034160338979093,0.0095193509726221,1542.3147761767627,0.0059554793645992,2.5779807172106146,1587.85888671875,1509.239990234375,False,False,-0.0037116184553427,True,WATCH,60.0,holding above VWAP; volume 2.6x; near support; positive 1M trend; enough daily range,1528.2275,1574.7725,1598.045,,,,,,,,,,,,,,,
2026-09-02T22:48:16.432866+00:00,AVGO,369.6799926757813,384.9869995117188,384.58,0.0323909516280055,371.3999938964844,362.0,-0.1220235456963669,369.3499,369.6799926757813,0.0,-0.000892914635147,368.4228562778456,0.0025162492129837,13.249153741127127,369.6799926757813,364.6499938964844,False,True,0.005704197599311,False,WATCH,59.0,VWAP reclaim; volume 13.2x; 15m momentum; enough daily range,365.162641839352,373.537158160648,377.724416321296,,,,,,,,,,,,,,,
2026-09-02T22:48:16.432866+00:00,CAT,779.1599731445312,827.9615020751953,881.43919921875,0.0324085307727092,790.219970703125,774.5499877929688,-0.0904623986855174,792.28,778.510009765625,-0.0008341847647578,0.0168386817953685,786.3012458142723,0.0076036432824626,8.070043000729406,779.77001953125,771.3900146484375,True,False,-0.0004415741022373,False,WATCH,59.0,holding above VWAP; opening-range breakout; volume 8.1x; enough daily range,783.2931792337893,801.2668207662107,810.2536415324214,,,,,,,,,,,,,,,
2026-09-02T22:48:16.432866+00:00,NFLX,80.80999755859375,78.65550003051757,75.07659957885743,0.0267028614350744,82.12999725341797,79.5999984741211,0.1149596598318118,82.54,80.54000091552734,-0.0033411292070716,0.021408272412728,82.36704894243897,0.0020997602777039,8.666889872708325,83.12000274658203,80.30000305175781,False,False,-0.0023569300648214,False,WATCH,56.0,holding above VWAP; volume 8.7x; positive 1M trend; enough daily range,81.76858103600213,83.31141896399788,84.08283792799575,,,,,,,,,,,,,,,
2026-09-02T22:48:16.432866+00:00,MU,933.4400024414062,932.5184997558594,944.026004638672,0.0498649485265743,969.4400024414062,922.3900146484376,0.070410567154286,955.2,930.8250122070312,-0.0028014550774935,0.0233116188525033,945.6640251829946,0.0100838929715658,1.5857241934462774,957.4899291992188,927.1569213867188,False,False,-0.0023291443686122,True,WATCH,56.0,holding above VWAP; volume 1.6x; near support; positive 1M trend; enough daily range,940.872,969.528,983.856,,,,,,,,,,,,,,,
2026-09-02T22:48:16.432866+00:00,MP,53.7400016784668,55.960500144958495,51.45680000305176,0.0640750576800806,54.499000549316406,52.34999847412109,0.141724085517694,54.719,53.70500183105469,-0.0006512811000921,0.0182173109593608,54.44328682759199,0.0050642271705807,3.9375096777246017,55.20000076293945,53.5,False,False,-0.0038412580375664,False,WATCH,52.0,holding above VWAP; volume 3.9x; positive 1M trend; enough daily range,53.898215,55.539785,56.36057,,,,,,,,,,,,,,,
2026-09-02T22:48:16.432866+00:00,GOOGL,335.0199890136719,345.1664978027344,348.7305987548828,0.0191204122503132,337.20001220703125,333.04998779296875,-0.0698341695501876,337.33,334.0599975585937,-0.0028654751553912,0.0068951437588216,337.14246319113005,0.0005562538966312,1.8491495739825867,337.1000061035156,332.82000732421875,True,True,-0.0007701541535917,False,WATCH,52.0,VWAP reclaim; opening-range breakout; volume 1.8x,335.0725389674606,339.5874610325393,341.8449220650787,,,,,,,,,,,,,,,
2026-09-02T22:48:16.432866+00:00,QQQ,707.6400146484375,717.5630035400391,710.8923999023438,0.0113040619204424,712.2999877929688,704.6599731445312,-0.011236578413159,709.4584,707.1099853515625,-0.0007490097873257,0.0025696474392644,708.1255207208942,0.0018822641468265,1.4292961532472974,707.5399780273438,705.1099853515625,True,False,0.0001913193110414,True,WATCH,52.0,holding above VWAP; opening-range breakout; volume 1.4x; near support,705.2016496,713.7151504,717.9719008,,,,,,,,,,,,,,,
2026-09-02T22:48:16.432866+00:00,BAC,61.9900016784668,62.96349945068359,61.423799743652346,0.0177332913508297,62.83000183105469,61.720001220703125,-0.0102767039664649,62.62,62.27999877929688,0.0046781270040006,0.0101629021531715,62.66648002424711,-0.0007417047236277,7.553417450003979,62.61000061035156,61.93999862670898,True,False,0.0015193678017229,True,WATCH,50.0,opening-range breakout; volume 7.6x; near support,62.23133945346386,63.00866054653613,63.39732109307227,,,,,,,,,,,,,,,
2026-09-02T22:48:16.432866+00:00,CRM,258.1099853515625,213.7094993591309,187.2361996459961,0.043682930052505,262.32000732421875,254.25,0.3313814818326077,256.57,259.3800048828125,0.0049204587320408,-0.0059663919993833,257.16590765712203,-0.0023172109497365,2.7085555094086544,264.54998779296875,259.0,False,False,-0.0016342668988468,True,WATCH,50.0,volume 2.7x; near support; positive 1M trend; enough daily range,252.72145,260.41855,264.2671,,,,,,,,,,,,,,,
2026-09-02T22:48:16.432866+00:00,XOM,164.5500030517578,160.73300018310547,152.01580017089844,0.0199895696836103,164.6999969482422,162.22000122070312,0.0825693372716565,164.44,163.92999267578125,-0.0037679147036026,-0.0006685083544071,164.16126646564035,0.0016979250974407,27.263829610649104,164.7698974609375,162.77000427246094,False,False,0.0017056306752218,False,WATCH,49.0,holding above VWAP; volume 27.3x; positive 1M trend,163.2895203064295,165.5904796935705,166.740959387141,,,,,,,,,,,,,,,
2026-09-03T00:19:52.118835+00:00,RGTI,15.65999984741211,17.106750154495238,16.70810012817383,0.0648148286700845,15.289999961853027,14.8100004196167,-0.1409742627086797,14.88,14.81999969482422,-0.0536398570097499,-0.0498084198602982,14.878684272007812,8.843039936423658e-05,8.302329396251677,14.864999771118164,14.595000267028809,True,True,-0.0030150881179081,True,ENTRY TRIGGERED,75.0,VWAP reclaim; opening-range breakout; volume 8.3x; near support; enough daily range,14.6568,15.1032,15.3264,,,,,,,,,,,,,,,
2026-09-03T00:19:52.118835+00:00,ORCL,149.1199951171875,147.12649993896486,140.1702003479004,0.0397378369098752,146.7899932861328,139.9499969482422,-0.0303279676296748,145.76,140.25999450683594,-0.0594152420900284,-0.0225321568348162,144.780281379663,0.006766934081084,2.7119750997873044,144.6699981689453,139.72000122070312,True,False,-0.001575487941021,True,ENTRY TRIGGERED,71.0,holding above VWAP; opening-range breakout; volume 2.7x; near support; enough daily range,143.7327345122058,147.78726548779417,149.81453097558835,,,,,,,,,,,,,,,
2026-09-03T00:19:52.118835+00:00,SPY,767.0499877929688,769.2074951171875,754.7092016601563,0.0066711943487924,764.6699829101562,759.47998046875,-0.0123811955730699,765.4,762.4500122070312,-0.0059969697661725,-0.0021510824838368,764.6940086911327,0.0009232337390423,2.675098614633141,763.739990234375,761.72998046875,True,False,0.0002352647653844,True,WATCH,64.0,holding above VWAP; opening-range breakout; volume 2.7x; near support,761.72998046875,769.07001953125,772.7400390624999,,,,,,,,,,,,,,,
2026-09-03T00:19:52.118835+00:00,NVO,45.33000183105469,46.33499965667725,47.91959976196289,0.0261179920163418,46.15999984741211,45.06999969482422,0.0189701936708415,46.77,46.04999923706055,0.0158834629808597,0.0317670000171674,46.68423509416159,0.0018371277941136,9.551791941592317,46.93999862670898,45.90999984741211,False,False,-0.0001069273268999,True,WATCH,60.0,holding above VWAP; volume 9.6x; near support; positive 1M trend; enough daily range,46.34246152968849,47.19753847031152,47.62507694062303,,,,,,,,,,,,,,,
2026-09-03T00:19:52.118835+00:00,IWM,293.92999267578125,299.58399963378906,297.1282006835938,0.0102101459191498,292.94000244140625,289.9700012207031,-0.0369228214058598,294.05,291.5400085449219,-0.0081311339108413,0.0004082853985953,293.34979257946634,0.0023869368182491,5.4713687205777255,293.1700134277344,291.19000244140625,True,False,0.0005443715117503,True,WATCH,60.0,holding above VWAP; opening-range breakout; volume 5.5x; near support,292.2857,295.8143,297.5786,,,,,,,,,,,,,,,
2026-09-03T00:19:52.118835+00:00,NVDA,220.77999877929688,219.02950134277344,208.7975994873047,0.0321522362835337,220.4100036621093,215.1000061035156,0.025950740476756,224.31,218.7850036621093,-0.009036122512084,0.0159887727159193,224.4200242824946,-0.0004902605409048,3.691385243094186,222.11990356445312,218.47999572753903,True,False,-0.0009130765882268,False,WATCH,60.0,opening-range breakout; volume 3.7x; positive 1M trend; enough daily range,221.7857761577342,226.8342238422658,229.3584476845316,,,,,,,,,,,,,,,
2026-09-03T00:19:52.118835+00:00,TSLA,367.9500122070313,342.5494979858398,358.84379821777344,0.0362122068839236,362.7000122070313,352.9599914550781,0.0877959056010733,356.7908,360.6099853515625,-0.0199484348741882,-0.0303280658698616,353.9748460422957,0.0079552374672628,3.2094171159711533,360.6199951171875,349.9200134277344,False,False,0.0014898956375266,True,WATCH,60.0,holding above VWAP; volume 3.2x; near support; positive 1M trend; enough daily range,352.2687362076418,361.3128637923582,365.8349275847164,,,,,,,,,,,,,,,
2026-09-03T00:19:52.118835+00:00,AVGO,370.3399963378906,387.5389999389648,384.8382000732422,0.0323332258978519,371.3999938964844,362.0,-0.1159365089003156,369.3499,369.6799926757813,-0.0017821560421121,-0.0026734793640471,368.4228562778456,0.0025162492129837,13.249153741127127,369.6799926757813,364.6499938964844,False,True,0.005704197599311,False,WATCH,59.0,VWAP reclaim; volume 13.2x; 15m momentum; enough daily range,365.1701041867829,373.52969581321713,377.7094916264343,,,,,,,,,,,,,,,
2026-09-03T00:19:52.118835+00:00,CAT,797.469970703125,831.9015014648437,885.2783984375,0.0316644273692886,790.219970703125,774.5499877929688,-0.1110959081432504,792.28,778.510009765625,-0.0237751409257243,-0.0065080453105326,786.3012458142723,0.0076036432824626,8.070043000729406,779.77001953125,771.3900146484375,True,False,-0.0004415741022373,False,WATCH,59.0,holding above VWAP; opening-range breakout; volume 8.1x; enough daily range,783.499517619351,801.060482380649,809.840964761298,,,,,,,,,,,,,,,
2026-09-03T00:19:52.118835+00:00,ASML,1696.010009765625,1756.6320007324218,1758.255595703125,0.0258217030480731,1684.0,1651.2099609375,-0.0273089974238799,1679.77,1671.3299560546875,-0.0145518325769481,-0.0095754209421613,1673.6931175197744,0.0036308224109988,2.834231978371983,1672.1300048828125,1650.2010498046875,True,False,-0.0013020291733218,False,WATCH,59.0,holding above VWAP; opening-range breakout; volume 2.8x; enough daily range,1664.5889172548284,1694.9510827451716,1710.1321654903431,,,,,,,,,,,,,,,
2026-09-03T00:19:52.118835+00:00,NFLX,81.05000305175781,78.228999710083,74.87839950561523,0.0266237888479516,82.12999725341797,79.5999984741211,0.0984096492293296,82.54,80.54000091552734,-0.0062924382113198,0.0183836754119637,82.36704894243897,0.0020997602777039,8.666889872708325,83.12000274658203,80.30000305175781,False,False,-0.0023569300648214,False,WATCH,56.0,holding above VWAP; volume 8.7x; positive 1M trend; enough daily range,81.77086536397152,83.30913463602849,84.07826927205697,,,,,,,,,,,,,,,
2026-09-03T00:19:52.118835+00:00,MU,958.72998046875,929.3739990234376,945.9398046875,0.0485495797801468,969.4400024414062,922.3900146484376,0.0456719955994682,955.2,930.8250122070312,-0.029106180916628,-0.0036819339549849,945.6640251829946,0.0100838929715658,1.5857241934462774,957.4899291992188,927.1569213867188,False,False,-0.0023291443686122,True,WATCH,56.0,holding above VWAP; volume 1.6x; near support; positive 1M trend; enough daily range,940.872,969.528,983.856,,,,,,,,,,,,,,,
2026-09-03T00:19:52.118835+00:00,MP,54.75,55.621000099182126,51.54080001831055,0.0628930357493222,54.499000549316406,52.34999847412109,0.1320834273547297,54.719,53.70500183105469,-0.0190867245469463,-0.000566210045662,54.44328682759199,0.0050642271705807,3.9375096777246017,55.20000076293945,53.5,False,False,-0.0038412580375664,False,WATCH,52.0,holding above VWAP; volume 3.9x; positive 1M trend; enough daily range,53.898215,55.539785,56.36057,,,,,,,,,,,,,,,
2026-09-03T00:19:52.118835+00:00,SNDK,1566.699951171875,1478.436492919922,1577.5439892578124,0.0735266929043251,1609.60498046875,1513.0,0.0765259665552891,1551.5,1531.6199951171875,-0.0223909856054109,-0.0097018903718645,1542.3147761767627,0.0059554793645992,2.5779807172106146,1587.85888671875,1509.239990234375,False,False,-0.0037116184553427,False,WATCH,52.0,holding above VWAP; volume 2.6x; positive 1M trend; enough daily range,1528.2275,1574.7725,1598.045,,,,,,,,,,,,,,,
2026-09-03T00:19:52.118835+00:00,GOOGL,339.3500061035156,346.43199768066404,348.9107989501953,0.018876440803961,337.20001220703125,333.04998779296875,-0.1128823131783171,337.33,334.0599975585937,-0.0155886502129845,-0.0059525742365816,337.14246319113005,0.0005562538966312,1.8491495739825867,337.1000061035156,332.82000732421875,True,True,-0.0007701541535917,False,WATCH,52.0,VWAP reclaim; opening-range breakout; volume 1.8x,335.1013435782599,339.55865642174007,341.7873128434801,,,,,,,,,,,,,,,
2026-09-03T00:19:52.118835+00:00,QQQ,716.760009765625,717.9660034179688,710.9806005859375,0.0111602299709555,712.2999877929688,704.6599731445312,-0.022394089223224,709.4584,707.1099853515625,-0.0134633967891399,-0.0101869658827821,708.1255207208942,0.0018822641468265,1.4292961532472974,707.5399780273438,705.1099853515625,True,False,0.0001913193110414,True,WATCH,52.0,holding above VWAP; opening-range breakout; volume 1.4x; near support,705.2016496,713.7151504,717.9719008,,,,,,,,,,,,,,,
2026-09-03T00:19:52.118835+00:00,BAC,61.93999862670898,62.99599952697754,61.32999977111817,0.0177476071193947,62.83000183105469,61.720001220703125,-0.014467405808213,62.62,62.27999877929688,0.0054891856655818,0.0109783885755172,62.66648002424711,-0.0007417047236277,7.553417450003979,62.61000061035156,61.93999862670898,True,False,0.0015193678017229,True,WATCH,50.0,opening-range breakout; volume 7.6x; near support,62.23102569476423,63.00897430523577,63.39794861047154,,,,,,,,,,,,,,,
2026-09-03T00:19:52.118835+00:00,CRM,257.5400085449219,210.5119995117188,185.1659997558594,0.0437796072915744,262.32000732421875,254.25,0.351431896580582,256.57,259.3800048828125,0.0071445067827964,-0.0037664382726487,257.16590765712203,-0.0023172109497365,2.7085555094086544,264.54998779296875,259.0,False,False,-0.0016342668988468,True,WATCH,50.0,volume 2.7x; near support; positive 1M trend; enough daily range,252.72145,260.41855,264.2671,,,,,,,,,,,,,,,
2026-09-03T00:19:52.118835+00:00,XOM,160.9499969482422,160.10700073242188,151.52740020751952,0.0204366810488301,164.6999969482422,162.22000122070312,0.0687840729805371,164.44,163.92999267578125,0.0185150405967224,0.0216837720902853,164.16126646564035,0.0016979250974407,27.263829610649104,164.7698974609375,162.77000427246094,False,False,0.0017056306752218,False,WATCH,49.0,holding above VWAP; volume 27.3x; positive 1M trend,163.26378725891564,165.61621274108435,166.7924254821687,,,,,,,,,,,,,,,
2026-09-03T00:19:52.118835+00:00,WMT,104.87000274658205,109.66349906921388,111.53379928588868,0.025214883763643,106.63999938964844,104.66000366210938,-0.0504706833598225,106.1956,105.97000122070312,0.0104891622514708,0.0126403854171841,106.1439163421908,0.0004869205847142,6.516584497510645,106.44000244140624,105.45999908447266,False,True,0.0009010511522506,False,WATCH,49.0,VWAP reclaim; volume 6.5x; enough daily range,105.45999908447266,106.93120091552734,107.66680183105468,,,,,,,,,,,,,,,
2026-09-03T17:00:10.084358+00:00,SPY,765.1599731445312,769.1957458496094,756.1351013183594,0.0071338940867954,766.4299926757812,761.72998046875,0.0057185119511959,772.9550170898438,767.9000244140625,0.003581017520128,0.0101874695735555,770.3433381935373,0.0033902790701492,0.3125742138715044,770.0449829101562,767.8499755859375,True,False,0.0001229611314887,True,WATCH,55.0,holding above VWAP; opening-range breakout; near support; positive 1M trend,768.3172869873047,777.5927471923828,782.2304772949219,,,,,,,,,,,,,,,
2026-09-03T17:00:10.084358+00:00,JPM,356.2200012207031,358.1924987792969,348.8097998046875,0.0154255406967802,361.4700012207031,353.7900085449219,0.0062354437502676,361.4800109863281,358.67498779296875,0.0068917707143136,0.014766183110437,359.6963845995095,0.0049586997901147,0.2609299586693074,360.8599853515625,356.3900146484375,True,False,9.523930945087856e-05,True,WATCH,55.0,holding above VWAP; opening-range breakout; near support; positive 1M trend,359.31113092041016,363.6488910522461,365.8177711181641,,,,,,,,,,,,,,,
2026-09-03T17:00:10.084358+00:00,BAC,62.59999847412109,62.9669994354248,61.5305997467041,0.0176460656933367,63.54999923706055,61.93999862670898,0.001111106267051,63.06999969482422,62.810001373291016,0.0033546789822485,0.0075080069035053,62.78967722185177,0.0044644674949037,0.1717026429858555,62.93999862670898,62.31999969482422,True,False,0.0002378778776599,True,WATCH,55.0,holding above VWAP; opening-range breakout; near support; positive 1M trend,62.68047161956146,63.45952777008698,63.84905584534974,,,,,,,,,,,,,,,
2026-09-03T17:00:10.084358+00:00,WMT,106.08999633789062,109.20899925231932,111.07179931640626,0.0259483151882436,106.77999877929688,105.45999908447266,-0.0253412719338285,109.23999786376952,106.4499969482422,0.0033933511431651,0.029691786545513,108.07874441293264,0.010744512782274,0.4619941125095662,106.98999786376952,106.0199966430664,True,False,0.0001830859077358,True,WATCH,51.0,holding above VWAP; opening-range breakout; near support; enough daily range,108.24789000026328,110.23210572727578,111.22421359078204,,,,,,,,,,,,,,,
2026-09-03T17:00:10.084358+00:00,QQQ,709.239990234375,717.7113220214844,711.0323278808594,0.0115435494060607,709.7999877929688,705.0999755859375,0.0041508004303763,717.6163940429688,710.8499755859375,0.0022700149085368,0.0118103941175478,714.0202198119782,0.0050365159574017,0.1700255103151953,713.8496704101562,709.6937866210938,True,False,0.0002877307343982,True,WATCH,51.0,holding above VWAP; opening-range breakout; near support; positive 1M trend,713.3106956787109,721.9220924072266,726.2277907714845,,,,,,,,,,,,,,,
2026-09-03T17:00:10.084358+00:00,SNDK,1553.4000244140625,1503.8404968261718,1562.3259912109374,0.0703981057267105,1587.8590087890625,1509.239990234375,0.242479671031466,1563.75,1543.75,-0.0062121953536742,0.0066627883502456,1532.4293630519007,0.0204385518205698,0.7839926177188872,1552.56005859375,1511.0,True,False,0.0025419950399752,True,WATCH,48.0,opening-range breakout; near support; positive 1M trend; enough daily range,1540.29375,1587.20625,1610.6625,,,,,,,,,,,,,,,
2026-09-03T19:45:24.281875+00:00,SPY,765.1599731445312,769.2144958496094,756.1426013183594,0.00720110988513,766.4299926757812,761.72998046875,0.0062064374237567,773.3099975585938,767.9000244140625,0.003581017520128,0.0106513993153207,771.3498150503004,0.0025412367644963,1.1108183005575647,770.0449829101562,767.8499755859375,True,False,-0.0001810261118724,True,WATCH,55.0,holding above VWAP; opening-range breakout; near support; positive 1M trend,768.6701375732422,777.9498575439453,782.5897175292969,,,,,,,,,,,,,,,
2026-09-03T19:45:24.281875+00:00,JPM,356.2200012207031,358.3114990234375,349.3143994140625,0.0155000618725248,361.4700012207031,353.7900085449219,0.0175133903051911,362.5400085449219,358.67498779296875,0.0068917707143136,0.0177418654274359,360.3919218399551,0.0059604185743118,0.7458726898914861,360.8599853515625,356.3900146484375,True,False,-0.0001654648582014,True,WATCH,55.0,holding above VWAP; opening-range breakout; near support; positive 1M trend,360.3647684936523,364.7152485961914,366.890488647461,,,,,,,,,,,,,,,
2026-09-03T19:45:24.281875+00:00,BAC,62.59999847412109,62.97299938201904,61.5329997253418,0.017800107386081,63.54999923706055,61.93999862670898,0.0030158512176028,63.18999862670898,62.810001373291016,0.0033546789822485,0.0094249227950349,62.87802297010934,0.0049616009197355,0.7110093031270713,62.93999862670898,62.31999969482422,True,False,-0.000869638803141,True,WATCH,55.0,holding above VWAP; opening-range breakout; near support; positive 1M trend,62.79632256026038,63.58367469315759,63.9773507596062,,,,,,,,,,,,,,,
2026-09-03T19:45:24.281875+00:00,TSLA,357.010009765625,347.289599609375,358.41863891601565,0.0395426934198472,360.6199951171875,349.9200134277344,0.1857165547045711,378.87200927734375,365.9150085449219,0.0249432747982134,0.0612363768905837,377.9397836741338,0.0024665982346376,0.7643802622622362,378.2250061035156,365.9100036621094,True,False,-0.004566291324736,False,WATCH,54.0,holding above VWAP; opening-range breakout; positive 1M trend; enough daily range,373.6284423794683,384.1155761752192,389.3591430730946,,,,,,,,,,,,,,,
2026-09-03T19:45:24.281875+00:00,GS,1004.4199829101562,1033.2395050048829,1044.2539990234377,0.0247619949279186,1021.8400268554688,998.0,0.0061980908853933,1038.97998046875,1013.5,0.0090400601783486,0.0344079151616052,1031.3354832044847,0.0074122314113667,0.9054316156893226,1037.449951171875,1012.5,True,False,-0.0002887083554641,True,WATCH,51.0,holding above VWAP; opening-range breakout; near support; positive 1M trend,1029.9754545164485,1047.9845064210515,1056.9890323733534,,,,,,,,,,,,,,,
2026-09-03T19:45:24.281875+00:00,QQQ,709.239990234375,717.7105010986328,711.0319995117187,0.0116422446373992,709.7999877929688,705.0999755859375,0.0041278263081201,717.614990234375,710.8499755859375,0.0022700149085368,0.0118084148036159,715.1484475364962,0.003448993990514,0.4990499286927684,713.8496704101562,709.6937866210938,True,False,-0.0001141278160102,True,WATCH,51.0,holding above VWAP; opening-range breakout; near support; positive 1M trend,713.3093002929687,721.9206801757813,726.2263701171876,,,,,,,,,,,,,,,
2026-09-03T22:27:36.226497+00:00,JPM,356.2200012207031,358.2874984741211,349.30479919433594,0.0155000618725248,361.4700012207031,353.7900085449219,0.0161661800812968,362.23,358.67498779296875,0.0068917707143136,0.0168715927199529,360.9054340655091,0.0036701191211503,10.862963689951837,360.8599853515625,356.3900146484375,True,False,0.0005801088136052,True,ENTRY TRIGGERED,75.0,holding above VWAP; opening-range breakout; volume 10.9x; near support; positive 1M trend,360.05662,364.40338,366.57676,,,,,,,,,,,,,,,
2026-09-03T22:27:36.226497+00:00,BAC,62.59999847412109,62.96549949645996,61.52999977111816,0.017800107386081,63.54999923706055,61.93999862670898,0.0006349351671006,63.04,62.810001373291016,0.0033546789822485,0.0070287785399996,62.93982947503488,0.001591528381958,8.89375029641551,62.93999862670898,62.31999969482422,True,False,-0.0005549070553483,True,ENTRY TRIGGERED,75.0,holding above VWAP; opening-range breakout; volume 8.9x; near support; positive 1M trend,62.64725843063351,63.43274156936649,63.82548313873298,,,,,,,,,,,,,,,
2026-09-03T22:27:36.226497+00:00,SPY,765.1599731445312,769.206494140625,756.1394006347656,0.00720110988513,766.4299926757812,761.72998046875,0.0059982114164236,772.75,767.9000244140625,0.003581017520128,0.0099195294080485,771.5773132228917,0.0015198564771299,5.439145000056263,770.0449829101562,767.8499755859375,True,False,-0.0006207473596134,True,ENTRY TRIGGERED,75.0,holding above VWAP; opening-range breakout; volume 5.4x; near support; positive 1M trend,768.1135,777.3865,782.0229999999999,,,,,,,,,,,,,,,
2026-09-03T22:27:36.226497+00:00,ORCL,145.75,147.7229995727539,139.71220016479492,0.0423376620385437,146.69000244140625,139.72000122070312,0.0736738828709537,153.9,147.27000427246094,0.0104288457801779,0.055917667238422,153.6173897684045,0.0018397020807445,36.4927776336219,149.61000061035156,146.9199981689453,True,False,-0.0031737767445142,False,ENTRY TRIGGERED,74.0,holding above VWAP; opening-range breakout; volume 36.5x; positive 1M trend; enough daily range,151.61948183429385,156.18051816570616,158.46103633141232,,,,,,,,,,,,,,,
2026-09-03T22:27:36.226497+00:00,QQQ,709.239990234375,717.7140014648437,711.0333996582032,0.0116422446373992,709.7999877929688,705.0999755859375,0.0042257865989296,717.2423,710.8499755859375,0.0022700149085368,0.0112829364894957,715.4329392285285,0.0025290431461297,2.9883650917959867,713.8496704101562,709.6937866210938,True,False,-0.0004427470311537,True,ENTRY TRIGGERED,71.0,holding above VWAP; opening-range breakout; volume 3.0x; near support; positive 1M trend,712.9388462,721.5457538,725.8492076000001,,,,,,,,,,,,,,,
2026-09-03T22:27:36.226497+00:00,WMT,106.08999633789062,109.16849899291992,111.05559921264648,0.0259483151882436,106.77999877929688,105.45999908447266,-0.0325689438370496,108.42,106.4499969482422,0.0033933511431651,0.0219625199598314,108.32503345461728,0.0008766814313749,8.981176796670988,106.98999786376952,106.0199966430664,True,False,-0.0025300123795604,True,WATCH,67.0,holding above VWAP; opening-range breakout; volume 9.0x; near support; enough daily range,107.43533928355173,109.40466071644828,110.38932143289657,,,,,,,,,,,,,,,
2026-09-03T22:27:36.226497+00:00,AMD,457.05999755859375,475.4875,500.3746008300781,0.0388914267583558,462.2099914550781,452.3599853515625,-0.0676912916935466,455.82,452.7000122070313,-0.0095391969869416,-0.0027129864026982,453.0504418155227,0.0061131342756863,4.824631146711412,453.6799926757813,440.5,True,False,-0.0004602926765024,True,WATCH,67.0,holding above VWAP; opening-range breakout; volume 4.8x; near support; enough daily range,449.6153784492522,462.0246215507478,468.2292431014956,,,,,,,,,,,,,,,
2026-09-03T22:27:36.226497+00:00,SNDK,1553.4000244140625,1503.4019958496094,1562.1505908203126,0.0707866577098894,1587.8590087890625,1509.239990234375,0.2355114847918393,1549.2,1543.75,-0.0062121953536742,-0.0027037622943559,1541.9838473909767,0.0046797848247457,2.142105734997451,1552.56005859375,1511.0,False,False,-0.0015983022434337,True,WATCH,60.0,holding above VWAP; volume 2.1x; near support; positive 1M trend; enough daily range,1525.962,1572.438,1595.6760000000002,,,,,,,,,,,,,,,
2026-09-03T22:27:36.226497+00:00,CAT,792.280029296875,825.1205017089844,877.5529992675781,0.0320007716501484,793.9400024414062,771.3900146484375,-0.066304151730933,798.18,796.9000244140625,0.0058312653939891,0.007446824967128,794.6949523751005,0.0043853904123636,5.937200198351886,797.4400024414062,783.0800170898438,True,False,0.0028898767440779,False,WATCH,59.0,holding above VWAP; opening-range breakout; volume 5.9x; enough daily range,789.2401684294995,807.1198315705004,816.0596631410009,,,,,,,,,,,,,,,
2026-09-03T22:27:36.226497+00:00,NFLX,82.7300033569336,79.10449981689453,75.29319961547851,0.0269465326767398,83.12000274658203,80.30000305175781,0.1218617916952764,82.67,83.18000030517578,0.0054393440104274,-0.0007252913634574,82.59473848676194,0.0009112143777794,10.390284505136473,83.5999984741211,82.37000274658203,False,False,-6.051468488821321e-05,False,WATCH,56.0,holding above VWAP; volume 10.4x; positive 1M trend; enough daily range,82.37000274658203,83.00068,83.33136,,,,,,,,,,,,,,,
2026-09-03T22:27:36.226497+00:00,NVDA,224.4100036621093,219.76200103759768,209.87399963378903,0.032918053678431,227.9499969482422,218.47999572753903,0.0431982794546914,228.44,226.0200042724609,0.0071743709463849,0.0179581848942818,228.1172368784756,0.0014149001887848,4.603533455108662,229.07000732421875,224.75,False,False,-0.0008096521598393,False,WATCH,56.0,holding above VWAP; volume 4.6x; positive 1M trend; enough daily range,225.8080699361948,231.07193006380527,233.7038601276105,,,,,,,,,,,,,,,
2026-09-03T22:27:36.226497+00:00,MU,956.0800170898438,936.3529998779296,942.21900390625,0.0491852119232394,958.0,927.1599731445312,0.0870023993900015,955.13,956.7750244140624,0.0007269342647011,-0.0009936585566713,944.5920244561188,0.0111561131907171,3.184854124911172,959.6699829101562,918.880126953125,False,False,-0.003323544380806,False,WATCH,56.0,holding above VWAP; volume 3.2x; positive 1M trend; enough daily range,940.80305,969.45695,983.7839,,,,,,,,,,,,,,,
2026-09-03T22:27:36.226497+00:00,GS,1004.4199829101562,1033.187008666992,1044.2330004882813,0.0247676809425943,1021.8400268554688,998.0,0.0051812914098117,1037.26,1013.5,0.0090400601783486,0.0326955035230329,1033.4258877911168,0.0037100988606724,10.381973427893472,1037.449951171875,1012.5,False,False,-0.0015205423531881,True,WATCH,53.0,holding above VWAP; volume 10.4x; near support; positive 1M trend,1028.2683163429197,1046.2516836570803,1055.2433673141609,,,,,,,,,,,,,,,
2026-09-03T22:27:36.226497+00:00,AAPL,324.9599914550781,312.80799865722656,314.25499938964845,0.0214729668910054,328.3999938964844,323.5299987792969,0.0505745258082626,328.14,324.9476928710937,-3.784645589544056e-05,0.0097858463458306,328.1753995205875,-0.0001078676849003,2.2802034059848,327.5,324.1099853515625,True,False,-0.0014606388056708,False,WATCH,53.0,opening-range breakout; volume 2.3x; positive 1M trend,325.6738512255349,330.60614877446505,333.0722975489301,,,,,,,,,,,,,,,
2026-09-03T22:27:36.226497+00:00,NVO,46.77000045776367,46.52399959564209,47.90859977722168,0.0267341716252545,47.0099983215332,45.90999984741211,0.0335000448104518,47.31,47.9900016784668,0.0260851231294056,0.011545852831966,47.22888235260801,0.0017175432352256,5.060124371539664,48.0,46.84999847412109,False,False,-0.0030555647552371,False,WATCH,52.0,holding above VWAP; volume 5.1x; positive 1M trend; enough daily range,46.867322219143226,47.75267778085678,48.19535556171356,,,,,,,,,,,,,,,
2026-09-03T22:27:36.226497+00:00,NBIS,204.08999633789065,221.63499908447267,213.6827999877929,0.0757848290574053,205.2100067138672,195.1499938964844,0.1092795421656229,210.4,202.7899932861328,-0.006369753908004,0.0309177508713487,206.9216359033242,0.0168100550795033,4.507444832802058,203.5498962402344,196.6300048828125,True,False,-0.0046597182034322,False,WATCH,52.0,opening-range breakout; volume 4.5x; positive 1M trend; enough daily range,207.244,213.556,216.712,,,,,,,,,,,,,,,
2026-09-03T22:27:36.226497+00:00,LLY,1160.0799560546875,1204.413000488281,1191.0692041015625,0.0311647177976245,1187.8299560546875,1158.0,-0.0271322108580049,1159.6,1170.0,0.0085511726097307,-0.0004137267023558,1158.0883916258274,0.0013052616580073,26.36257670364448,1171.6600341796875,1137.5,False,False,-0.0009648931106498,True,WATCH,49.0,holding above VWAP; volume 26.4x; near support; enough daily range,1146.951487634656,1172.2485123653437,1184.8970247306877,,,,,,,,,,,,,,,
2026-09-03T22:27:36.226497+00:00,ASML,1682.300048828125,1753.927001953125,1754.0007958984374,0.027308293555951,1688.6600341796875,1650.199951171875,-0.0341358119877821,1643.0,1642.386962890625,-0.0237253074832299,-0.0233609033391523,1639.8788915236228,0.0019032554736266,2.7228111018707315,1647.14501953125,1619.3399658203125,False,False,1.5231159594231158e-05,True,WATCH,49.0,holding above VWAP; volume 2.7x; near support; enough daily range,1627.2963657906505,1658.7036342093495,1674.4072684186997,,,,,,,,,,,,,,,
2026-09-04T00:09:37.872902+00:00,JPM,354.95001220703125,357.99949798583987,348.7325994873047,0.0155213073768586,361.4700012207031,353.7900085449219,-0.0084066058784312,362.23,358.67498779296875,0.0104943666934285,0.0205098958799938,360.9054340655091,0.0036701191211503,10.862963689951837,360.8599853515625,356.3900146484375,True,False,0.0005801088136052,True,ENTRY TRIGGERED,68.0,holding above VWAP; opening-range breakout; volume 10.9x; near support,360.05662,364.40338,366.57676,,,,,,,,,,,,,,,
2026-09-04T00:09:37.872902+00:00,BAC,61.9900016784668,62.96349945068359,61.423799743652346,0.0179752648013709,63.54999923706055,61.93999862670898,-0.0102767039664649,63.04,62.810001373291016,0.0132279347091719,0.0169381883062269,62.93982947503488,0.001591528381958,8.89375029641551,62.93999862670898,62.31999969482422,True,False,-0.0005549070553483,True,ENTRY TRIGGERED,68.0,holding above VWAP; opening-range breakout; volume 8.9x; near support,62.64339375742255,63.43660624257745,63.833212485154895,,,,,,,,,,,,,,,
2026-09-04T00:09:37.872902+00:00,SPY,761.780029296875,768.9759948730468,755.34080078125,0.0070183341935358,766.4299926757812,761.72998046875,-0.0060146338806297,772.75,767.9000244140625,0.0080338088185853,0.0144004440668394,771.5773132228917,0.0015198564771299,5.439145000056263,770.0449829101562,767.8499755859375,True,False,-0.0006207473596134,True,ENTRY TRIGGERED,68.0,holding above VWAP; opening-range breakout; volume 5.4x; near support,768.1135,777.3865,782.0229999999999,,,,,,,,,,,,,,,
2026-09-04T00:09:37.872902+00:00,WMT,105.91999816894533,109.35099906921388,111.26719924926758,0.0259899613942998,106.77999877929688,105.45999908447266,-0.0556346822479997,108.42,106.4499969482422,0.0050037649967809,0.0236027367284044,108.32503043788672,0.0008767093046673,8.981176796670988,106.98999786376952,106.0199966430664,True,False,-0.0025300123795604,True,WATCH,67.0,holding above VWAP; opening-range breakout; volume 9.0x; near support; enough daily range,107.4337589349705,109.4062410650295,110.392482130059,,,,,,,,,,,,,,,
2026-09-04T00:09:37.872902+00:00,AMD,459.6099853515625,477.14349975585935,501.6462005615234,0.0386756510645159,462.2099914550781,452.3599853515625,-0.0518410763763108,455.82,452.7000122070313,-0.0150344278078417,-0.0082460901032502,453.0504418155227,0.0061131342756863,4.824631146711412,453.6799926757813,440.5,True,False,-0.0004602926765024,True,WATCH,67.0,holding above VWAP; opening-range breakout; volume 4.8x; near support; enough daily range,449.6498026561203,461.9901973438797,468.1603946877594,,,,,,,,,,,,,,,
2026-09-04T00:09:37.872902+00:00,MU,933.4400024414062,932.5184997558594,944.026004638672,0.0503781690661904,958.0,927.1599731445312,0.070410567154286,955.13,956.7750244140624,0.0249989521679203,0.0232366274231483,944.5920244561188,0.0111561131907171,3.184854124911172,959.6699829101562,918.880126953125,False,False,-0.003323544380806,True,WATCH,64.0,holding above VWAP; volume 3.2x; near support; positive 1M trend; enough daily range,940.80305,969.45695,983.7839,,,,,,,,,,,,,,,
2026-09-04T00:09:37.872902+00:00,QQQ,707.6400146484375,717.5630035400391,710.8923999023438,0.011622761962378,709.7999877929688,705.0999755859375,-0.011236578413159,717.2423,710.8499755859375,0.0045361495549325,0.0135694493708542,715.4329392285285,0.0025290431461297,2.9883650917959867,713.8496704101562,709.6937866210938,True,False,-0.0004427470311537,True,WATCH,64.0,holding above VWAP; opening-range breakout; volume 3.0x; near support,712.9388462,721.5457538,725.8492076000001,,,,,,,,,,,,,,,
2026-09-04T00:09:37.872902+00:00,ORCL,141.32000732421875,147.19449996948242,139.7820002746582,0.04303303292279,146.69000244140625,139.72000122070312,0.0094189390962007,153.9,147.27000427246094,0.0421030048108588,0.0890177754301981,153.6173897684045,0.0018397020807445,36.4927776336219,149.61000061035156,146.9199981689453,True,False,-0.0031737767445142,False,WATCH,59.0,holding above VWAP; opening-range breakout; volume 36.5x; positive 1M trend; enough daily range; already >7% up,151.5915,156.20850000000002,158.51700000000002,,,,,,,,,,,,,,,
2026-09-04T00:09:37.872902+00:00,CAT,779.1599731445312,827.9615020751953,881.43919921875,0.0325396236644194,793.9400024414062,771.3900146484375,-0.0904623986855174,798.18,796.9000244140625,0.0227681758316409,0.0244109393590994,794.6949523751005,0.0043853904123636,5.937200198351886,797.4400024414062,783.0800170898438,True,False,0.0028898767440779,False,WATCH,59.0,holding above VWAP; opening-range breakout; volume 5.9x; enough daily range,789.0896331142368,807.2703668857631,816.3607337715263,,,,,,,,,,,,,,,
2026-09-04T00:09:37.872902+00:00,NFLX,80.80999755859375,78.65550003051757,75.07659957885743,0.0275867690404024,83.12000274658203,80.30000305175781,0.1149596598318118,82.67,83.18000030517578,0.0293280883329267,0.0230169842544247,82.59473848676194,0.0009112143777794,10.390284505136473,83.5999984741211,82.37000274658203,False,False,-6.051468488821321e-05,False,WATCH,56.0,holding above VWAP; volume 10.4x; positive 1M trend; enough daily range,82.37000274658203,83.00068,83.33136,,,,,,,,,,,,,,,
2026-09-04T00:09:37.872902+00:00,PLTR,179.9199981689453,175.47349853515624,147.1671990966797,0.042878392293725,177.57000732421875,165.7100067138672,0.0696207444802341,182.5016,172.35000610351562,-0.0420742115521891,0.0143486097005767,182.2813721515237,0.001208175283502,5.78495890015381,184.5599975585937,171.9375,False,False,-0.0018507785203915,False,WATCH,56.0,holding above VWAP; volume 5.8x; positive 1M trend; enough daily range,179.764076,185.239124,187.976648,,,,,,,,,,,,,,,
2026-09-04T00:09:37.872902+00:00,NVDA,217.44000244140625,219.2890014648437,209.28499969482425,0.0338615480645233,227.9499969482422,218.47999572753903,0.0236748581904309,228.44,226.0200042724609,0.0394591691258223,0.0505886563423763,228.1172368784756,0.0014149001887848,4.603533455108662,229.07000732421875,224.75,False,False,-0.0008096521598393,False,WATCH,56.0,holding above VWAP; volume 4.6x; positive 1M trend; enough daily range,225.7326337860491,231.1473662139509,233.8547324279018,,,,,,,,,,,,,,,
2026-09-04T00:09:37.872902+00:00,ASML,1665.1400146484375,1756.836004638672,1756.3323974609375,0.026474840146108,1688.6600341796875,1650.199951171875,0.0024311938817476,1643.0,1642.386962890625,-0.0136643474768795,-0.0132961879803915,1639.8788915236228,0.0019032554736266,2.7228111018707315,1647.14501953125,1619.3399658203125,False,False,1.5231159594231158e-05,True,WATCH,56.0,holding above VWAP; volume 2.7x; near support; positive 1M trend; enough daily range,1627.7756431739806,1658.2243568260194,1673.4487136520388,,,,,,,,,,,,,,,
2026-09-04T00:09:37.872902+00:00,AAPL,325.1300048828125,312.01799926757815,313.5523992919922,0.0214617384819076,328.3999938964844,323.5299987792969,0.0448874323314409,328.14,324.9476928710937,-0.0005607357333398,0.0092578201703419,328.1753995205875,-0.0001078676849003,2.2802034059848,327.5,324.1099853515625,True,False,-0.0014606388056708,False,WATCH,53.0,opening-range breakout; volume 2.3x; positive 1M trend,325.6751407970914,330.6048592029086,333.0697184058172,,,,,,,,,,,,,,,
2026-09-04T00:09:37.872902+00:00,NVO,45.119998931884766,46.44699974060059,47.906599807739255,0.0277118184563498,47.0099983215332,45.90999984741211,0.0503032054765792,47.31,47.9900016784668,0.0636082184069799,0.0485372588643311,47.22888235260801,0.0017175432352256,5.060124371539664,48.0,46.84999847412109,False,False,-0.0030555647552371,False,WATCH,52.0,holding above VWAP; volume 5.1x; positive 1M trend; enough daily range,46.85113385409053,47.76886614590947,48.22773229181894,,,,,,,,,,,,,,,
2026-09-04T00:09:37.872902+00:00,SNDK,1536.8699951171875,1488.581494140625,1569.339990234375,0.0715480139270645,1587.8590087890625,1509.239990234375,0.1502406696883098,1549.2,1543.75,0.0044766342661846,0.008022802788776,1541.9838473909767,0.0046797848247457,2.142105734997451,1552.56005859375,1511.0,False,False,-0.0015983022434337,False,WATCH,52.0,holding above VWAP; volume 2.1x; positive 1M trend; enough daily range,1525.962,1572.438,1595.6760000000002,,,,,,,,,,,,,,,
2026-09-04T00:09:37.872902+00:00,LLY,1160.0,1206.0299987792969,1190.2224047851562,0.0311668659078663,1187.8299560546875,1158.0,-0.0083599998455677,1159.6,1170.0,0.0086206896551723,-0.000344827586207,1158.0883916258274,0.0013052616580073,26.36257670364448,1171.6600341796875,1137.5,False,False,-0.0009648931106498,True,WATCH,49.0,holding above VWAP; volume 26.4x; near support; enough daily range,1146.9506158026334,1172.2493841973665,1184.898768394733,,,,,,,,,,,,,,,
2026-09-04T16:49:05.882083+00:00,GE,333.4800109863281,350.9999969482422,357.1975988769531,0.0259149903315118,334.44000244140625,329.32000732421875,-0.0913588692662957,336.2698974609375,332.239990234375,-0.0037184260258524,0.0083659781177221,334.10817401198625,0.0064701303861955,1.7662619630700844,335.239990234375,332.239990234375,True,False,0.0025039644739464,False,WATCH,51.0,holding above VWAP; opening-range breakout; volume 1.8x; enough daily range,333.21984656142,339.31994836045504,342.3699992599726,,,,,,,,,,,,,,,
2026-09-04T16:49:05.882083+00:00,NVO,47.5099983215332,46.49574966430664,47.8896997833252,0.026698591888366,48.0,46.56999969482422,-0.0119551131353204,46.69499969482422,46.34999847412109,-0.0244159100903684,-0.0171542550095102,46.41109832365125,0.0061171008967113,0.1605914863490029,46.56909942626953,46.04169845581055,True,False,-0.0003189946360553,True,WATCH,51.0,holding above VWAP; opening-range breakout; near support; enough daily range,46.2586579357964,47.13134145385204,47.56768321287986,,,,,,,,,,,,,,,
2026-09-04T21:43:20.830492+00:00,AMD,456.1600036621094,475.1980010986328,499.2746008300781,0.0405089708702077,459.7699890136719,440.5,-0.01197860435868,477.2,462.0,0.0128025172987689,0.0461241585605465,471.7037643766803,0.01165187992634,7.915565253693828,471.05999755859375,458.0,True,False,0.0014060000890172,True,ENTRY TRIGGERED,71.0,holding above VWAP; opening-range breakout; volume 7.9x; near support; enough daily range,470.4341916852579,483.9658083147421,490.7316166294842,,,,,,,,,,,,,,,
2026-09-04T21:43:20.830492+00:00,MU,958.1599731445312,943.3040008544922,938.2796032714843,0.0487161501971649,959.760009765625,918.8800048828124,0.1584147342901258,1013.75,971.0599975585938,0.0134633305247835,0.0580174797670069,998.9627629095522,0.0148025908867501,3.77046994627053,1003.7098999023438,969.0,True,False,0.0016478756576048,False,WATCH,60.0,opening-range breakout; volume 3.8x; positive 1M trend; enough daily range,998.54375,1028.95625,1044.1625,,,,,,,,,,,,,,,
2026-09-04T21:43:20.830492+00:00,IWM,295.19000244140625,298.8655014038086,297.01400085449217,0.0105742913306318,296.17999267578125,293.42999267578125,-0.0184042573215977,295.89,293.70001220703125,-0.0050475633390421,0.0023713457529195,295.33705529540686,0.0018722496709397,2.20745316807277,295.2200012207031,293.5599975585937,True,False,-0.0008104713431774,True,WATCH,60.0,holding above VWAP; opening-range breakout; volume 2.2x; near support,294.11466,297.66534,299.44068000000004,,,,,,,,,,,,,,,
2026-09-04T21:43:20.830492+00:00,GE,333.4800109863281,351.04250183105466,357.2146008300781,0.0261034994746073,334.44000244140625,329.32000732421875,-0.0890618046124523,336.85,332.239990234375,-0.0037184260258524,0.0101055202790252,335.52596339707674,0.0039461524512676,8.968256052995079,335.239990234375,332.239990234375,True,False,0.0016354809009682,False,WATCH,59.0,holding above VWAP; opening-range breakout; volume 9.0x; enough daily range,333.7724626706925,339.92753732930754,343.00507465861506,,,,,,,,,,,,,,,
2026-09-04T21:43:20.830492+00:00,CVX,211.32000732421875,203.24100189208983,191.153200378418,0.0172825296670814,213.1999969482422,211.1699981689453,0.1181389838837216,208.92,209.509994506836,-0.0085652695184975,-0.0113572176842514,208.67776287019663,0.0011608190852325,22.62691543794847,209.8612060546875,207.1199951171875,False,False,0.0017741402197455,True,WATCH,57.0,holding above VWAP; volume 22.6x; near support; positive 1M trend,207.65626686568365,210.1837331343164,211.44746626863267,,,,,,,,,,,,,,,
2026-09-04T21:43:20.830492+00:00,JPM,362.05999755859375,358.3434997558594,349.77519958496094,0.015810326463023,362.8500061035156,356.3900146484375,0.0031327636752718,358.59,361.0,-0.0029276848194813,-0.0095840401645923,358.2040335082359,0.0010775045941944,10.894734193556548,362.8599853515625,358.8800048828125,False,False,0.0022359245254821,True,WATCH,57.0,holding above VWAP; volume 10.9x; near support; positive 1M trend,356.43846,360.74154,362.89308,,,,,,,,,,,,,,,
2026-09-04T21:43:20.830492+00:00,ORCL,154.0399932861328,148.3109992980957,139.83860000610352,0.0403559384262522,156.77000427246094,146.9199981689453,0.0799890774390268,158.6101,159.4550018310547,0.0351532639634915,0.0296683128606614,158.23734220614185,0.0023556879094477,34.651462138015894,159.6999969482422,156.91000366210938,False,False,0.0033215881572072,False,WATCH,56.0,holding above VWAP; volume 34.7x; positive 1M trend; enough daily range,156.91000366210938,160.3101963378906,162.01029267578122,,,,,,,,,,,,,,,
2026-09-04T21:43:20.830492+00:00,META,610.6799926757812,576.8809967041016,595.4915954589844,0.0306180958312046,619.4600219726562,604.3499755859375,0.0416653351841456,616.05,612.4949951171875,0.0029721007126064,0.0087934882239866,612.3923476723295,0.0059727270296126,4.845492310007521,616.3300170898438,605.27001953125,False,False,-0.0013454883871137,False,WATCH,56.0,holding above VWAP; volume 4.8x; positive 1M trend; enough daily range,609.4482027221152,622.6517972778847,629.2535945557695,,,,,,,,,,,,,,,
2026-09-04T21:43:20.830492+00:00,RGTI,15.18000030517578,16.806750059127808,16.428700103759766,0.0637827080846235,15.31999969482422,14.829999923706056,-0.1527313624986138,15.22,15.220000267028809,0.0026350435473567,0.0026350259565266,15.210562368918652,0.0006204656246393,4.177074867885505,15.460100173950195,15.074999809265137,False,False,0.0046204873420663,False,WATCH,51.0,holding above VWAP; volume 4.2x; 15m momentum; enough daily range,15.074999809265137,15.365000190734865,15.510000381469728,,,,,,,,,,,,,,,
2026-09-04T21:43:20.830492+00:00,CRM,264.42999267578125,220.91699905395507,191.65039978027343,0.0433466027754129,268.2699890136719,261.6000061035156,0.3449725204844527,259.1572,263.3599853515625,-0.0040464673216199,-0.0199402216912899,260.1337912200952,-0.0037541882410383,4.312208934280108,263.6000061035156,259.07000732421875,False,False,0.0004138668677218,True,WATCH,50.0,volume 4.3x; near support; positive 1M trend; enough daily range,259.07000732421875,260.1938288,261.2304576,,,,,,,,,,,,,,,
2026-09-04T21:43:20.830492+00:00,LLY,1159.5999755859375,1202.5955017089843,1191.5026049804687,0.0303321242850013,1171.6600341796875,1137.5,-0.0306567177332277,1147.72,1150.6099853515625,-0.0077526650773103,-0.010244891200463,1146.6610524664595,0.0009235052775733,31.758977550341125,1158.43994140625,1141.75,False,False,0.0005143228009696,True,WATCH,49.0,holding above VWAP; volume 31.8x; near support; enough daily range,1141.75,1153.69,1159.66,,,,,,,,,,,,,,,
2026-09-05T00:09:26.166738+00:00,AMD,457.05999755859375,475.4875,500.3746008300781,0.0401416533686058,459.7699890136719,440.5,-0.0676912916935466,477.2,462.0,0.0108082143871559,0.0440642422198069,471.7037643766803,0.01165187992634,7.915565253693828,471.05999755859375,458.0,True,False,0.0014060000890172,True,ENTRY TRIGGERED,71.0,holding above VWAP; opening-range breakout; volume 7.9x; near support; enough daily range,470.49554105437545,483.9044589456245,490.60891789124906,,,,,,,,,,,,,,,
2026-09-05T00:09:26.166738+00:00,MU,956.0800170898438,936.3529998779296,942.21900390625,0.0480122758676729,959.760009765625,918.8800048828124,0.0870023993900015,1013.75,971.0599975585938,0.0156681242165761,0.0603192011958313,998.9627629095522,0.0148025908867501,3.77046994627053,1003.7098999023438,969.0,True,False,0.0016478756576048,False,WATCH,60.0,opening-range breakout; volume 3.8x; positive 1M trend; enough daily range,998.54375,1028.95625,1044.1625,,,,,,,,,,,,,,,
2026-09-05T00:09:26.166738+00:00,IWM,294.010009765625,299.143000793457,297.0720007324219,0.0106167306555094,296.17999267578125,293.42999267578125,-0.0102598409340947,295.89,293.70001220703125,-0.0010543775663993,0.0063943069008896,295.33705529540686,0.0018722496709397,2.20745316807277,295.2200012207031,293.5599975585937,True,False,-0.0008104713431774,True,WATCH,60.0,holding above VWAP; opening-range breakout; volume 2.2x; near support,294.11466,297.66534,299.44068000000004,,,,,,,,,,,,,,,
2026-09-05T00:09:26.166738+00:00,GE,329.5,352.6905014038086,357.89940063476564,0.0264188020988578,334.44000244140625,329.32000732421875,-0.1096515235486855,336.85,332.239990234375,0.0083156001043247,0.0223065250379363,335.52596339707674,0.0039461524512676,8.968256052995079,335.239990234375,332.239990234375,True,False,0.0016354809009682,False,WATCH,59.0,holding above VWAP; opening-range breakout; volume 9.0x; enough daily range,333.73528927955,339.9647107204501,343.0794214409002,,,,,,,,,,,,,,,
2026-09-05T00:09:26.166738+00:00,CVX,211.77999877929688,202.1390014648437,190.42600036621093,0.0167529711285215,213.1999969482422,211.1699981689453,0.1167363108145167,208.92,209.509994506836,-0.0107186905540904,-0.013504574538587,208.67776287019663,0.0011608190852325,22.62691543794847,209.8612060546875,207.1199951171875,False,False,0.0017741402197455,True,WATCH,57.0,holding above VWAP; volume 22.6x; near support; positive 1M trend,207.66648,210.17352,211.42704,,,,,,,,,,,,,,,
2026-09-05T00:09:26.166738+00:00,JPM,356.2200012207031,358.2874984741211,349.30479919433594,0.0160695265313192,362.8500061035156,356.3900146484375,0.0161661800812968,358.59,361.0,0.0134186703804297,0.0066531883981115,358.2040335082359,0.0010775045941944,10.894734193556548,362.8599853515625,358.8800048828125,False,False,0.0022359245254821,True,WATCH,57.0,holding above VWAP; volume 10.9x; near support; positive 1M trend,356.43846,360.74154,362.89308,,,,,,,,,,,,,,,
2026-09-05T00:09:26.166738+00:00,META,592.8499755859375,575.647494506836,594.0135949707031,0.0315389378560175,619.4600219726562,604.3499755859375,0.035226254283273,616.05,612.4949951171875,0.033136578123047,0.0391330443948032,612.3923476723295,0.0059727270296126,4.845492310007521,616.3300170898438,605.27001953125,False,False,-0.0013454883871137,False,WATCH,56.0,holding above VWAP; volume 4.8x; positive 1M trend; enough daily range,609.2496530668301,622.8503469331698,629.6506938663397,,,,,,,,,,,,,,,
2026-09-05T00:09:26.166738+00:00,GS,1004.4199829101562,1033.187008666992,1044.2330004882813,0.0247730370816094,1039.8299560546875,1012.5,0.0051812914098117,1038.59,1031.0899658203125,0.0265526207800883,0.0340196508146335,1035.336941069895,0.0031420292284203,10.829842528119975,1040.8599853515625,1028.0,False,False,-0.0001925692921358,True,WATCH,53.0,holding above VWAP; volume 10.8x; near support; positive 1M trend,1029.584839996094,1047.595160003906,1056.600320007812,,,,,,,,,,,,,,,
2026-09-05T00:09:26.166738+00:00,BAC,62.59999847412109,62.96549949645996,61.52999977111816,0.0173531644899416,63.27000045776367,62.31999969482422,0.0006349351671006,62.68,62.560001373291016,-0.0006389313387381,0.0012779796777786,62.53532349968289,0.0023135164611061,7.721131201966312,62.91830062866211,62.34000015258789,False,False,-4.868790370871068e-09,True,WATCH,53.0,holding above VWAP; volume 7.7x; near support; positive 1M trend,62.34000015258789,63.01999984741211,63.35999969482422,,,,,,,,,,,,,,,
2026-09-05T00:09:26.166738+00:00,RGTI,14.869999885559082,16.94375009536743,16.492900104522704,0.0651124099287859,15.31999969482422,14.829999923706056,-0.0816697111549659,15.22,15.220000267028809,0.0235373493048662,0.0235373313473135,15.210562368918652,0.0006204656246393,4.177074867885505,15.460100173950195,15.074999809265137,False,False,0.0046204873420663,False,WATCH,51.0,holding above VWAP; volume 4.2x; 15m momentum; enough daily range,15.074999809265137,15.365000190734865,15.510000381469728,,,,,,,,,,,,,,,
2026-09-05T00:09:26.166738+00:00,CRM,256.92999267578125,217.59249877929688,189.469599609375,0.0443811832962989,268.2699890136719,261.6000061035156,0.415805464618556,259.1572,263.3599853515625,0.0250262439539132,0.0086685376861752,260.1337912200952,-0.0037541882410383,4.312208934280108,263.6000061035156,259.07000732421875,False,False,0.0004138668677218,True,WATCH,50.0,volume 4.3x; near support; positive 1M trend; enough daily range,259.07000732421875,260.1938288,261.2304576,,,,,,,,,,,,,,,
2026-09-05T00:09:26.166738+00:00,LLY,1160.0799560546875,1204.413000488281,1191.0692041015625,0.0302475398777501,1171.6600341796875,1137.5,-0.0271322108580049,1147.72,1150.6099853515625,-0.0081632051771081,-0.0106544001473161,1146.6610524664595,0.0009235052775733,31.758977550341125,1158.43994140625,1141.75,False,False,0.0005143228009696,True,WATCH,49.0,holding above VWAP; volume 31.8x; near support; enough daily range,1141.75,1153.69,1159.66,,,,,,,,,,,,,,,
2026-09-07T18:11:38.460272+00:00,MU,958.1599731445312,943.3040008544922,938.2796032714843,0.0487161501971649,959.760009765625,918.8800048828124,0.1584147342901258,1013.75,971.0599975585938,0.0134633305247835,0.0580174797670069,998.5037754644252,0.0152690704934823,2.601938577573848,1003.7098999023438,969.0,True,False,0.0016478756576048,False,WATCH,60.0,opening-range breakout; volume 2.6x; positive 1M trend; enough daily range,998.54375,1028.95625,1044.1625,,,,,,,,,,,,,,,
2026-09-07T18:11:38.460272+00:00,GE,333.4800109863281,351.04250183105466,357.2146008300781,0.0261163504394578,334.44000244140625,329.32000732421875,-0.0890618046124523,336.85,332.239990234375,-0.0037184260258524,0.0101055202790252,335.20779076982893,0.0048990783489835,3.0657488787644267,335.239990234375,332.239990234375,True,False,0.0016354809009682,False,WATCH,59.0,holding above VWAP; opening-range breakout; volume 3.1x; enough daily range,333.77094757406405,339.929052425936,343.008104851872,,,,,,,,,,,,,,,
2026-09-07T18:11:38.460272+00:00,AMD,456.1600036621094,475.1980010986328,499.2746008300781,0.0405089708702077,459.7699890136719,440.5,-0.01197860435868,477.2,462.0,0.0128025172987689,0.0461241585605465,471.3210684469667,0.0124733052405332,4.152408595764094,471.05999755859375,458.0,True,False,0.0014060000890172,True,WATCH,57.0,opening-range breakout; volume 4.2x; near support; enough daily range,470.4341916852579,483.9658083147421,490.7316166294842,,,,,,,,,,,,,,,
2026-09-07T18:11:38.460272+00:00,JPM,362.05999755859375,358.3434997558594,349.77519958496094,0.0158162447361385,362.8500061035156,356.3900146484375,0.0031327636752718,358.59,361.0,-0.0029276848194813,-0.0095840401645923,358.13858860522595,0.0012604377443157,3.347809081667064,362.8599853515625,358.8800048828125,False,False,0.0022359245254821,True,WATCH,57.0,holding above VWAP; volume 3.3x; near support; positive 1M trend,356.43846,360.74154,362.89308,,,,,,,,,,,,,,,
2026-09-07T18:11:38.460272+00:00,CVX,211.32000732421875,203.24100189208983,191.153200378418,0.0172825296670814,213.1999969482422,211.1699981689453,0.1181389838837216,208.92,209.509994506836,-0.0085652695184975,-0.0113572176842514,208.552956913414,0.0017599514867503,2.282244088528263,209.8612060546875,207.1199951171875,False,False,0.0017741402197455,True,WATCH,57.0,holding above VWAP; volume 2.3x; near support; positive 1M trend,207.65626686568365,210.1837331343164,211.44746626863267,,,,,,,,,,,,,,,
2026-09-07T18:11:38.460272+00:00,ORCL,154.0399932861328,148.3109992980957,139.83860000610352,0.0403559384262522,156.77000427246094,146.9199981689453,0.0799890774390268,158.6101,159.4550018310547,0.0351532639634915,0.0296683128606614,157.9989223199223,0.0038682395493823,5.471006240742936,159.6999969482422,156.91000366210938,False,False,0.0033215881572072,False,WATCH,56.0,holding above VWAP; volume 5.5x; positive 1M trend; enough daily range,156.91000366210938,160.3101963378906,162.01029267578122,,,,,,,,,,,,,,,
2026-09-07T18:11:38.460272+00:00,IWM,295.19000244140625,298.8655014038086,297.01400085449217,0.0105767134426716,296.17999267578125,293.42999267578125,-0.0184042573215977,295.89,293.70001220703125,-0.0050475633390421,0.0023713457529195,295.3187993174443,0.0019341832754158,1.6197887164531473,295.2200012207031,293.5599975585937,True,False,-0.0008104713431774,True,WATCH,52.0,holding above VWAP; opening-range breakout; volume 1.6x; near support,294.11466,297.66534,299.44068000000004,,,,,,,,,,,,,,,
2026-09-07T18:11:38.460272+00:00,RGTI,15.18000030517578,16.806750059127808,16.428700103759766,0.0637822369016703,15.31999969482422,14.829999923706056,-0.1527313624986138,15.22,15.220000267028809,0.0026350435473567,0.0026350259565266,15.209876165369709,0.0006656092738837,2.4201371948985044,15.460100173950195,15.074999809265137,False,False,0.0046204873420663,False,WATCH,51.0,holding above VWAP; volume 2.4x; 15m momentum; enough daily range,15.074999809265137,15.365000190734865,15.510000381469728,,,,,,,,,,,,,,,
2026-09-07T18:11:38.460272+00:00,CRM,264.42999267578125,220.91699905395507,191.65039978027343,0.0433466027754129,268.2699890136719,261.6000061035156,0.3449725204844527,259.1572,263.3599853515625,-0.0040464673216199,-0.0199402216912899,260.1700601532773,-0.0038930696048599,2.0072537954667995,263.6000061035156,259.07000732421875,False,False,0.0004138668677218,True,WATCH,50.0,volume 2.0x; near support; positive 1M trend; enough daily range,259.07000732421875,260.1938288,261.2304576,,,,,,,,,,,,,,,
2026-09-07T18:11:38.460272+00:00,LLY,1159.5999755859375,1202.5955017089843,1191.5026049804687,0.030331876150152,1171.6600341796875,1137.5,-0.0306567177332277,1147.72,1150.6099853515625,-0.0077526650773103,-0.010244891200463,1144.9713238856475,0.0024006506163181,3.6052097451490543,1158.43994140625,1141.75,False,False,0.0005143228009696,True,WATCH,49.0,holding above VWAP; volume 3.6x; near support; enough daily range,1141.75,1153.69,1159.66,,,,,,,,,,,,,,,
2026-09-07T18:11:38.460272+00:00,META,610.6799926757812,576.8809967041016,595.4915954589844,0.0306180958312046,619.4600219726562,604.3499755859375,0.0416653351841456,616.05,612.4949951171875,0.0029721007126064,0.0087934882239866,611.8530998883141,0.0068593263848004,1.7489780519687983,616.3300170898438,605.27001953125,False,False,-0.0013454883871137,False,WATCH,48.0,holding above VWAP; volume 1.7x; positive 1M trend; enough daily range,609.4482027221152,622.6517972778847,629.2535945557695,,,,,,,,,,,,,,,
2026-09-07T21:44:18.802217+00:00,MU,958.1599731445312,943.3040008544922,938.2796032714843,0.0487161501971649,959.760009765625,918.8800048828124,0.1584147342901258,1013.75,971.0599975585938,0.0134633305247835,0.0580174797670069,998.5037754644252,0.0152690704934823,2.601938577573848,1003.7098999023438,969.0,True,False,0.0016478756576048,False,WATCH,60.0,opening-range breakout; volume 2.6x; positive 1M trend; enough daily range,998.54375,1028.95625,1044.1625,,,,,,,,,,,,,,,
2026-09-07T21:44:18.802217+00:00,GE,333.4800109863281,351.04250183105466,357.2146008300781,0.0261163504394578,334.44000244140625,329.32000732421875,-0.0890618046124523,336.85,332.239990234375,-0.0037184260258524,0.0101055202790252,335.20779076982893,0.0048990783489835,3.0657488787644267,335.239990234375,332.239990234375,True,False,0.0016354809009682,False,WATCH,59.0,holding above VWAP; opening-range breakout; volume 3.1x; enough daily range,333.77094757406405,339.929052425936,343.008104851872,,,,,,,,,,,,,,,
2026-09-07T21:44:18.802217+00:00,AMD,456.1600036621094,475.1980010986328,499.2746008300781,0.0405089708702077,459.7699890136719,440.5,-0.01197860435868,477.2,462.0,0.0128025172987689,0.0461241585605465,471.3210684469667,0.0124733052405332,4.152408595764094,471.05999755859375,458.0,True,False,0.0014060000890172,True,WATCH,57.0,opening-range breakout; volume 4.2x; near support; enough daily range,470.4341916852579,483.9658083147421,490.7316166294842,,,,,,,,,,,,,,,
2026-09-07T21:44:18.802217+00:00,JPM,362.05999755859375,358.3434997558594,349.77519958496094,0.0158162447361385,362.8500061035156,356.3900146484375,0.0031327636752718,358.59,361.0,-0.0029276848194813,-0.0095840401645923,358.13858860522595,0.0012604377443157,3.347809081667064,362.8599853515625,358.8800048828125,False,False,0.0022359245254821,True,WATCH,57.0,holding above VWAP; volume 3.3x; near support; positive 1M trend,356.43846,360.74154,362.89308,,,,,,,,,,,,,,,
2026-09-07T21:44:18.802217+00:00,CVX,211.32000732421875,203.24100189208983,191.153200378418,0.0172825296670814,213.1999969482422,211.1699981689453,0.1181389838837216,208.92,209.509994506836,-0.0085652695184975,-0.0113572176842514,208.552956913414,0.0017599514867503,2.282244088528263,209.8612060546875,207.1199951171875,False,False,0.0017741402197455,True,WATCH,57.0,holding above VWAP; volume 2.3x; near support; positive 1M trend,207.65626686568365,210.1837331343164,211.44746626863267,,,,,,,,,,,,,,,
2026-09-07T21:44:18.802217+00:00,ORCL,154.0399932861328,148.3109992980957,139.83860000610352,0.0403559384262522,156.77000427246094,146.9199981689453,0.0799890774390268,158.6101,159.4550018310547,0.0351532639634915,0.0296683128606614,157.9989223199223,0.0038682395493823,5.471006240742936,159.6999969482422,156.91000366210938,False,False,0.0033215881572072,False,WATCH,56.0,holding above VWAP; volume 5.5x; positive 1M trend; enough daily range,156.91000366210938,160.3101963378906,162.01029267578122,,,,,,,,,,,,,,,
2026-09-07T21:44:18.802217+00:00,IWM,295.19000244140625,298.8655014038086,297.01400085449217,0.0105767134426716,296.17999267578125,293.42999267578125,-0.0184042573215977,295.89,293.70001220703125,-0.0050475633390421,0.0023713457529195,295.3187993174443,0.0019341832754158,1.6197887164531473,295.2200012207031,293.5599975585937,True,False,-0.0008104713431774,True,WATCH,52.0,holding above VWAP; opening-range breakout; volume 1.6x; near support,294.11466,297.66534,299.44068000000004,,,,,,,,,,,,,,,
2026-09-07T21:44:18.802217+00:00,RGTI,15.18000030517578,16.806750059127808,16.428700103759766,0.0637822369016703,15.31999969482422,14.829999923706056,-0.1527313624986138,15.22,15.220000267028809,0.0026350435473567,0.0026350259565266,15.209876165369709,0.0006656092738837,2.4201371948985044,15.460100173950195,15.074999809265137,False,False,0.0046204873420663,False,WATCH,51.0,holding above VWAP; volume 2.4x; 15m momentum; enough daily range,15.074999809265137,15.365000190734865,15.510000381469728,,,,,,,,,,,,,,,
2026-09-07T21:44:18.802217+00:00,CRM,264.42999267578125,220.91699905395507,191.65039978027343,0.0433466027754129,268.2699890136719,261.6000061035156,0.3449725204844527,259.1572,263.3599853515625,-0.0040464673216199,-0.0199402216912899,260.1700601532773,-0.0038930696048599,2.0072537954667995,263.6000061035156,259.07000732421875,False,False,0.0004138668677218,True,WATCH,50.0,volume 2.0x; near support; positive 1M trend; enough daily range,259.07000732421875,260.1938288,261.2304576,,,,,,,,,,,,,,,
2026-09-07T21:44:18.802217+00:00,LLY,1159.5999755859375,1202.5955017089843,1191.5026049804687,0.030331876150152,1171.6600341796875,1137.5,-0.0306567177332277,1147.72,1150.6099853515625,-0.0077526650773103,-0.010244891200463,1144.9713238856475,0.0024006506163181,3.6052097451490543,1158.43994140625,1141.75,False,False,0.0005143228009696,True,WATCH,49.0,holding above VWAP; volume 3.6x; near support; enough daily range,1141.75,1153.69,1159.66,,,,,,,,,,,,,,,
2026-09-07T21:44:18.802217+00:00,META,610.6799926757812,576.8809967041016,595.4915954589844,0.0306180958312046,619.4600219726562,604.3499755859375,0.0416653351841456,616.05,612.4949951171875,0.0029721007126064,0.0087934882239866,611.8530998883141,0.0068593263848004,1.7489780519687983,616.3300170898438,605.27001953125,False,False,-0.0013454883871137,False,WATCH,48.0,holding above VWAP; volume 1.7x; positive 1M trend; enough daily range,609.4482027221152,622.6517972778847,629.2535945557695,,,,,,,,,,,,,,,
2026-09-08T00:27:35.695282+00:00,MU,958.1599731445312,943.3040008544922,938.2796032714843,0.0487161501971649,959.760009765625,918.8800048828124,0.1584147342901258,1013.75,971.0599975585938,0.0134633305247835,0.0580174797670069,998.5037754644252,0.0152690704934823,2.601938577573848,1003.7098999023438,969.0,True,False,0.0016478756576048,False,WATCH,60.0,opening-range breakout; volume 2.6x; positive 1M trend; enough daily range,998.54375,1028.95625,1044.1625,,,,,,,,,,,,,,,
2026-09-08T00:27:35.695282+00:00,GE,333.4800109863281,351.04250183105466,357.2146008300781,0.0261163504394578,334.44000244140625,329.32000732421875,-0.0890618046124523,336.85,332.239990234375,-0.0037184260258524,0.0101055202790252,335.20779076982893,0.0048990783489835,3.0657488787644267,335.239990234375,332.239990234375,True,False,0.0016354809009682,False,WATCH,59.0,holding above VWAP; opening-range breakout; volume 3.1x; enough daily range,333.77094757406405,339.929052425936,343.008104851872,,,,,,,,,,,,,,,
2026-09-08T00:27:35.695282+00:00,AMD,456.1600036621094,475.1980010986328,499.2746008300781,0.0405089708702077,459.7699890136719,440.5,-0.01197860435868,477.2,462.0,0.0128025172987689,0.0461241585605465,471.3210684469667,0.0124733052405332,4.152408595764094,471.05999755859375,458.0,True,False,0.0014060000890172,True,WATCH,57.0,opening-range breakout; volume 4.2x; near support; enough daily range,470.4341916852579,483.9658083147421,490.7316166294842,,,,,,,,,,,,,,,
2026-09-08T00:27:35.695282+00:00,JPM,362.05999755859375,358.3434997558594,349.77519958496094,0.0158162447361385,362.8500061035156,356.3900146484375,0.0031327636752718,358.59,361.0,-0.0029276848194813,-0.0095840401645923,358.13858860522595,0.0012604377443157,3.347809081667064,362.8599853515625,358.8800048828125,False,False,0.0022359245254821,True,WATCH,57.0,holding above VWAP; volume 3.3x; near support; positive 1M trend,356.43846,360.74154,362.89308,,,,,,,,,,,,,,,
2026-09-08T00:27:35.695282+00:00,CVX,211.32000732421875,203.24100189208983,191.153200378418,0.0172825296670814,213.1999969482422,211.1699981689453,0.1181389838837216,208.92,209.509994506836,-0.0085652695184975,-0.0113572176842514,208.552956913414,0.0017599514867503,2.282244088528263,209.8612060546875,207.1199951171875,False,False,0.0017741402197455,True,WATCH,57.0,holding above VWAP; volume 2.3x; near support; positive 1M trend,207.65626686568365,210.1837331343164,211.44746626863267,,,,,,,,,,,,,,,
2026-09-08T00:27:35.695282+00:00,ORCL,154.0399932861328,148.3109992980957,139.83860000610352,0.0403559384262522,156.77000427246094,146.9199981689453,0.0799890774390268,158.6101,159.4550018310547,0.0351532639634915,0.0296683128606614,157.9989223199223,0.0038682395493823,5.471006240742936,159.6999969482422,156.91000366210938,False,False,0.0033215881572072,False,WATCH,56.0,holding above VWAP; volume 5.5x; positive 1M trend; enough daily range,156.91000366210938,160.3101963378906,162.01029267578122,,,,,,,,,,,,,,,
2026-09-08T00:27:35.695282+00:00,IWM,295.19000244140625,298.8655014038086,297.01400085449217,0.0105767134426716,296.17999267578125,293.42999267578125,-0.0184042573215977,295.89,293.70001220703125,-0.0050475633390421,0.0023713457529195,295.3187993174443,0.0019341832754158,1.6197887164531473,295.2200012207031,293.5599975585937,True,False,-0.0008104713431774,True,WATCH,52.0,holding above VWAP; opening-range breakout; volume 1.6x; near support,294.11466,297.66534,299.44068000000004,,,,,,,,,,,,,,,
2026-09-08T00:27:35.695282+00:00,RGTI,15.18000030517578,16.806750059127808,16.428700103759766,0.0637822369016703,15.31999969482422,14.829999923706056,-0.1527313624986138,15.22,15.220000267028809,0.0026350435473567,0.0026350259565266,15.209876165369709,0.0006656092738837,2.4201371948985044,15.460100173950195,15.074999809265137,False,False,0.0046204873420663,False,WATCH,51.0,holding above VWAP; volume 2.4x; 15m momentum; enough daily range,15.074999809265137,15.365000190734865,15.510000381469728,,,,,,,,,,,,,,,
2026-09-08T00:27:35.695282+00:00,CRM,264.42999267578125,220.91699905395507,191.65039978027343,0.0433466027754129,268.2699890136719,261.6000061035156,0.3449725204844527,259.1572,263.3599853515625,-0.0040464673216199,-0.0199402216912899,260.1700601532773,-0.0038930696048599,2.0072537954667995,263.6000061035156,259.07000732421875,False,False,0.0004138668677218,True,WATCH,50.0,volume 2.0x; near support; positive 1M trend; enough daily range,259.07000732421875,260.1938288,261.2304576,,,,,,,,,,,,,,,
2026-09-08T00:27:35.695282+00:00,LLY,1159.5999755859375,1202.5955017089843,1191.5026049804687,0.030331876150152,1171.6600341796875,1137.5,-0.0306567177332277,1147.72,1150.6099853515625,-0.0077526650773103,-0.010244891200463,1144.9713238856475,0.0024006506163181,3.6052097451490543,1158.43994140625,1141.75,False,False,0.0005143228009696,True,WATCH,49.0,holding above VWAP; volume 3.6x; near support; enough daily range,1141.75,1153.69,1159.66,,,,,,,,,,,,,,,
2026-09-08T00:27:35.695282+00:00,META,610.6799926757812,576.8809967041016,595.4915954589844,0.0306180958312046,619.4600219726562,604.3499755859375,0.0416653351841456,616.05,612.4949951171875,0.0029721007126064,0.0087934882239866,611.8530998883141,0.0068593263848004,1.7489780519687983,616.3300170898438,605.27001953125,False,False,-0.0013454883871137,False,WATCH,48.0,holding above VWAP; volume 1.7x; positive 1M trend; enough daily range,609.4482027221152,622.6517972778847,629.2535945557695,,,,,,,,,,,,,,,
2026-09-08T20:09:48.417413+00:00,NBIS,226.38999938964844,226.54449920654287,213.1495999145508,0.0678456258043221,226.5800018310547,209.40499877929688,0.3246428986709828,245.187,234.84500122070312,0.0373470641541124,0.0830292886657035,244.6897816702841,0.0020320355280953,6.583684701594208,242.82000732421875,234.3249969482422,True,True,0.011685355459496,False,ENTRY TRIGGERED,77.0,VWAP reclaim; opening-range breakout; volume 6.6x; 15m momentum; positive 1M trend; enough daily range; already >7% up,241.509195,248.864805,252.54261,,,,,,,,,,,,,,,
2026-09-08T20:09:48.417413+00:00,AMD,477.5700073242188,477.0070007324219,498.9578002929687,0.0392563071385839,478.8299865722656,458.0,0.0770508409231911,505.3997,488.8800048828125,0.0236823866347106,0.0582735352911052,502.5890806461894,0.0055922809747417,3.4686099554636183,496.7698974609375,486.5705871582031,True,False,0.003374404907241,False,ENTRY TRIGGERED,74.0,holding above VWAP; opening-range breakout; volume 3.5x; positive 1M trend; enough daily range,498.4556559521681,512.3437440478319,519.2877880956637,,,,,,,,,,,,,,,
2026-09-08T20:09:48.417413+00:00,TSLA,354.0799865722656,350.30349884033205,357.7167987060547,0.0446287214800671,364.6900024414063,351.32000732421875,0.1126692402960412,367.57,357.2699890136719,0.0090092706800168,0.0380987741169074,364.8014732459095,0.0075891326026096,3.0853263905743726,362.4200134277344,355.989990234375,True,False,-0.0016025740336825,False,ENTRY TRIGGERED,74.0,holding above VWAP; opening-range breakout; volume 3.1x; positive 1M trend; enough daily range,362.05645,373.08355,378.5971,,,,,,,,,,,,,,,
2026-09-08T20:09:48.417413+00:00,CAT,813.9400024414062,822.9555023193359,869.1928002929687,0.0275731109755888,821.0,801.0,-0.0179684179253221,825.91,823.3400268554688,0.0115487927683455,0.0147062406598641,825.1091528871596,0.0009705953570362,3.7999315154545967,830.5,817.0900268554688,False,True,0.0047505734076938,True,ENTRY TRIGGERED,71.0,VWAP reclaim; volume 3.8x; 15m momentum; near support; enough daily range,817.939482169953,833.880517830047,841.851035660094,,,,,,,,,,,,,,,
2026-09-08T20:09:48.417413+00:00,UNH,397.1400146484375,396.51849975585935,411.19799865722655,0.0206016313540632,402.2300109863281,395.2000122070313,-0.0192542821970387,400.84,392.3999938964844,-0.0119353894775603,0.0093165765601279,399.1744843847845,0.0041723999914031,7.377818779579696,396.1499938964844,390.4400024414063,True,False,-0.0003740498217608,True,WATCH,64.0,holding above VWAP; opening-range breakout; volume 7.4x; near support,397.949714730813,403.7302852691869,406.6205705383739,,,,,,,,,,,,,,,
2026-09-08T20:09:48.417413+00:00,ASML,1714.8800048828125,1754.1900024414062,1750.87939453125,0.0264104457440133,1721.6600341796875,1675.9300537109375,0.0180965430640305,1763.98,1774.614990234375,0.0348333324672733,0.0286317380676106,1763.6759844502858,0.0001723760783696,2.153256689552419,1790.0,1748.8050537109375,False,False,0.0017661751812663,True,WATCH,64.0,holding above VWAP; volume 2.2x; near support; positive 1M trend; enough daily range,1748.8050537109375,1779.1549462890623,1794.329892578125,,,,,,,,,,,,,,,
2026-09-08T20:09:48.417413+00:00,GS,1038.6099853515625,1033.2455108642578,1044.0448022460937,0.0232708001139929,1041.199951171875,1024.6300048828125,0.0020976538891142,1036.6800537109375,1040.550048828125,0.0018679422535166,-0.001858187065255,1035.9979718199618,0.0006583814925598,3.381532278324921,1043.8399658203125,1030.8900146484375,False,True,0.0030090923531993,True,WATCH,61.0,VWAP reclaim; volume 3.4x; near support; positive 1M trend,1030.8900146484375,1042.4700927734375,1048.2601318359375,,,,,,,,,,,,,,,
2026-09-08T20:09:48.417413+00:00,CL,88.7699966430664,90.86474914550782,91.75669967651368,0.0172355394520157,90.54000091552734,88.66000366210938,-0.0509393737933946,88.40499877929688,88.04000091552734,-0.0082234511112384,-0.0041117255556192,88.34118453620111,0.0007223611889606,3.853055514923946,88.38999938964844,87.66999816894531,True,False,0.0002828867012432,True,WATCH,60.0,holding above VWAP; opening-range breakout; volume 3.9x; near support,87.87170103382128,88.93829652477247,89.47159427024806,,,,,,,,,,,,,,,
2026-09-08T20:09:48.417413+00:00,GOOGL,338.4599914550781,342.6529983520508,348.58879821777344,0.0198747017421961,343.5299987792969,337.0899963378906,-0.0535914193636224,338.36,335.3800048828125,-0.0091000019205355,-0.0002954306494195,336.8820942298857,0.0043870119410556,2.415981035734134,336.989990234375,333.2200012207031,True,False,0.0005908833749233,True,WATCH,60.0,holding above VWAP; opening-range breakout; volume 2.4x; near support,336.0063185714787,340.71368142852134,343.06736285704267,,,,,,,,,,,,,,,
2026-09-08T20:09:48.417413+00:00,CRM,259.2300109863281,223.5004989624024,193.4665997314453,0.0455662069933637,263.6000061035156,257.82000732421875,0.2616070052452812,249.12,253.71499633789065,-0.0212745994472389,-0.0390001564551155,248.72638126874844,0.0015825371206854,2.680447284080864,253.99989318847656,246.5500030517578,False,False,0.0002810558015839,False,WATCH,56.0,holding above VWAP; volume 2.7x; positive 1M trend; enough daily range,246.5500030517578,251.6899969482422,254.2599938964844,,,,,,,,,,,,,,,
2026-09-08T20:09:48.417413+00:00,XOM,159.47000122070312,161.46900177001953,153.4438006591797,0.0209398989698646,161.47999572753906,159.16000366210938,0.0057576410688429,160.88,160.61000061035156,0.0071486761204115,0.0088417807017224,160.69257103478358,0.0011663822665195,3.403948981621955,163.11000061035156,160.0,False,False,0.0014940277095583,True,WATCH,53.0,holding above VWAP; volume 3.4x; near support; positive 1M trend,160.0,161.76,162.64,,,,,,,,,,,,,,,
2026-09-08T20:09:48.417413+00:00,NFLX,78.25,79.33399963378906,75.4993995666504,0.0290826251658061,82.69000244140625,78.2300033569336,0.006291725282197,76.78,77.51000213623047,-0.0094568417095147,-0.0187859424920128,76.60103510380216,0.0023363247762295,7.501097219783948,77.72000122070312,75.91999816894531,False,False,0.0015653056634268,False,WATCH,52.0,holding above VWAP; volume 7.5x; positive 1M trend; enough daily range,75.99846261391929,77.56153738608072,78.34307477216143,,,,,,,,,,,,,,,
2026-09-08T20:09:48.417413+00:00,NVDA,230.3600006103516,220.49100036621093,211.23039947509767,0.0338631384128355,234.759994506836,229.6300048828125,0.0376005174030502,225.9,233.2100067138672,0.0123719660356154,-0.0193610027718984,227.3288111487532,-0.0062852180571967,4.245040605849455,233.7100067138672,228.260498046875,False,False,0.0041784906564676,False,WATCH,52.0,volume 4.2x; 15m momentum; positive 1M trend; enough daily range,223.2226109613892,228.57738903861085,231.2547780772217,,,,,,,,,,,,,,,
2026-09-08T20:09:48.417413+00:00,AVGO,357.8999938964844,375.6314987182617,383.7323999023437,0.0321358581256734,360.1600036621094,353.70001220703125,-0.1274621143841326,368.72,363.7250061035156,0.0162755303335266,0.0302319259235448,368.3936981241978,0.000885742284582,2.2393279927575667,370.6300048828125,362.7449951171875,False,False,0.0055360046499171,False,WATCH,51.0,holding above VWAP; volume 2.2x; 15m momentum; enough daily range,364.5728032371656,372.86719676283445,377.0143935256689,,,,,,,,,,,,,,,
2026-09-08T20:09:48.417413+00:00,WMT,107.13999938964844,108.60249900817873,110.68999923706056,0.0259940252312637,109.2300033569336,106.93000030517578,-0.0586721142862405,106.1,106.77999877929688,-0.0033600953182976,-0.0097069198765453,106.04852450581656,0.0004853956660246,7.814066562478659,106.87000274658205,105.91000366210938,False,False,0.0014157909964931,True,WATCH,49.0,holding above VWAP; volume 7.8x; near support; enough daily range,105.91000366210938,106.5244,106.9488,,,,,,,,,,,,,,,
2026-09-08T22:56:06.662911+00:00,NBIS,226.38999938964844,226.54449920654287,213.1495999145508,0.0678456258043221,226.5800018310547,209.40499877929688,0.3246428986709828,245.187,234.84500122070312,0.0373470641541124,0.0830292886657035,244.6897816702841,0.0020320355280953,6.583684701594208,242.82000732421875,234.3249969482422,True,True,0.011685355459496,False,ENTRY TRIGGERED,77.0,VWAP reclaim; opening-range breakout; volume 6.6x; 15m momentum; positive 1M trend; enough daily range; already >7% up,241.509195,248.864805,252.54261,,,,,,,,,,,,,,,
2026-09-08T22:56:06.662911+00:00,AMD,477.5700073242188,477.0070007324219,498.9578002929687,0.0392563071385839,478.8299865722656,458.0,0.0770508409231911,505.3997,488.8800048828125,0.0236823866347106,0.0582735352911052,502.5890806461894,0.0055922809747417,3.4686099554636183,496.7698974609375,486.5705871582031,True,False,0.003374404907241,False,ENTRY TRIGGERED,74.0,holding above VWAP; opening-range breakout; volume 3.5x; positive 1M trend; enough daily range,498.4556559521681,512.3437440478319,519.2877880956637,,,,,,,,,,,,,,,
2026-09-08T22:56:06.662911+00:00,TSLA,354.0799865722656,350.30349884033205,357.7167987060547,0.0446287214800671,364.6900024414063,351.32000732421875,0.1126692402960412,367.57,357.2699890136719,0.0090092706800168,0.0380987741169074,364.8014732459095,0.0075891326026096,3.0853263905743726,362.4200134277344,355.989990234375,True,False,-0.0016025740336825,False,ENTRY TRIGGERED,74.0,holding above VWAP; opening-range breakout; volume 3.1x; positive 1M trend; enough daily range,362.05645,373.08355,378.5971,,,,,,,,,,,,,,,
2026-09-08T22:56:06.662911+00:00,CAT,813.9400024414062,822.9529998779296,869.1917993164062,0.0275731109755888,821.0,801.0,-0.0180281720110259,825.91,823.3400268554688,0.0115487927683455,0.0147062406598641,825.044079772054,0.0010495441991233,7.886034818725349,830.5,817.0900268554688,False,True,0.0046588930889164,True,ENTRY TRIGGERED,71.0,VWAP reclaim; volume 7.9x; 15m momentum; near support; enough daily range,817.939482169953,833.880517830047,841.851035660094,,,,,,,,,,,,,,,
2026-09-08T22:56:06.662911+00:00,UNH,397.1400146484375,396.51699981689455,411.1973986816406,0.0206016313540632,402.2300109863281,395.2000122070313,-0.0193276755033302,400.84,392.3999938964844,-0.0119353894775603,0.0093165765601279,399.6192863763044,0.0030546914658819,27.771016653835947,396.1499938964844,390.4400024414063,True,False,-0.0003740498217608,True,WATCH,64.0,holding above VWAP; opening-range breakout; volume 27.8x; near support,397.949714730813,403.7302852691869,406.6205705383739,,,,,,,,,,,,,,,
2026-09-08T22:56:06.662911+00:00,ASML,1714.8800048828125,1754.1900024414062,1750.87939453125,0.0264104457440133,1721.6600341796875,1675.9300537109375,0.0180965430640305,1763.98,1774.614990234375,0.0348333324672733,0.0286317380676106,1763.6759844502858,0.0001723760783696,2.153256689552419,1790.0,1748.8050537109375,False,False,0.0017661751812663,True,WATCH,64.0,holding above VWAP; volume 2.2x; near support; positive 1M trend; enough daily range,1748.8050537109375,1779.1549462890623,1794.329892578125,,,,,,,,,,,,,,,
2026-09-08T22:56:06.662911+00:00,CL,88.7699966430664,90.86499938964845,91.75679977416992,0.0172355394520157,90.54000091552734,88.66000366210938,-0.05088564451019,88.41,88.04000091552734,-0.0082234511112384,-0.0040553864670505,88.35425582619075,0.0006309166806734,9.007906018282618,88.38999938964844,87.66999816894531,True,False,-4.14218892519358e-08,True,WATCH,60.0,holding above VWAP; opening-range breakout; volume 9.0x; near support,87.87667208496654,88.94332791503345,89.4766558300669,,,,,,,,,,,,,,,
2026-09-08T22:56:06.662911+00:00,GOOGL,338.4599914550781,342.6529983520508,348.58879821777344,0.0198747017421961,343.5299987792969,337.0899963378906,-0.0535914193636224,338.36,335.3800048828125,-0.0091000019205355,-0.0002954306494195,336.8820942298857,0.0043870119410556,2.415981035734134,336.989990234375,333.2200012207031,True,False,0.0005908833749233,True,WATCH,60.0,holding above VWAP; opening-range breakout; volume 2.4x; near support,336.0063185714787,340.71368142852134,343.06736285704267,,,,,,,,,,,,,,,
2026-09-08T22:56:06.662911+00:00,CRM,259.2300109863281,223.49749908447265,193.46539978027343,0.0455662069933637,263.6000061035156,257.82000732421875,0.2613032355107747,249.12,253.71499633789065,-0.0212745994472389,-0.0390001564551155,248.7672216869749,0.0014181060938529,5.906016729388438,253.99989318847656,246.5500030517578,False,False,0.0002810558015839,False,WATCH,56.0,holding above VWAP; volume 5.9x; positive 1M trend; enough daily range,246.5500030517578,251.6899969482422,254.2599938964844,,,,,,,,,,,,,,,
2026-09-08T22:56:06.662911+00:00,GS,1038.6099853515625,1033.2380096435547,1044.0418017578124,0.0232708001139929,1041.199951171875,1024.6300048828125,0.0019526341090769,1036.53,1040.550048828125,0.0018679422535166,-0.0020026625787334,1036.1307320338742,0.0003853451632904,11.878191047440843,1043.8399658203125,1030.8900146484375,False,False,0.0037864896102159,True,WATCH,53.0,holding above VWAP; volume 11.9x; near support; positive 1M trend,1030.8900146484375,1042.1699853515624,1047.809970703125,,,,,,,,,,,,,,,
2026-09-08T22:56:06.662911+00:00,XOM,159.47000122070312,161.46650161743165,153.44280059814454,0.0209398989698646,161.47999572753906,159.16000366210938,0.0054447112618538,160.88,160.61000061035156,0.0071486761204115,0.0088417807017224,160.70896122040944,0.0010642765549082,8.803194294552705,163.11000061035156,160.0,False,False,0.0014940277095583,True,WATCH,53.0,holding above VWAP; volume 8.8x; near support; positive 1M trend,160.0,161.76,162.64,,,,,,,,,,,,,,,
2026-09-08T22:56:06.662911+00:00,ORCL,158.77999877929688,148.88449935913087,140.1184001159668,0.0425791345990607,159.6999969482422,156.7100067138672,0.0759351273682058,162.81,167.60000610351562,0.055548604308018,0.0253810382396135,163.4725615802463,-0.0040530445833936,45.33392440794295,170.6999969482422,162.80999755859375,False,False,0.0040709099833475,False,WATCH,52.0,volume 45.3x; 15m momentum; positive 1M trend; enough daily range,162.80999755859375,163.46124,164.11248,,,,,,,,,,,,,,,
2026-09-08T22:56:06.662911+00:00,NFLX,78.25,79.33399963378906,75.4993995666504,0.0290826251658061,82.69000244140625,78.2300033569336,0.006291725282197,76.78,77.51000213623047,-0.0094568417095147,-0.0187859424920128,76.60103510380216,0.0023363247762295,7.501097219783948,77.72000122070312,75.91999816894531,False,False,0.0015653056634268,False,WATCH,52.0,holding above VWAP; volume 7.5x; positive 1M trend; enough daily range,75.99846261391929,77.56153738608072,78.34307477216143,,,,,,,,,,,,,,,
2026-09-08T22:56:06.662911+00:00,NVDA,230.3600006103516,220.49100036621093,211.23039947509767,0.0338631384128355,234.759994506836,229.6300048828125,0.0376005174030502,225.9,233.2100067138672,0.0123719660356154,-0.0193610027718984,227.3288111487532,-0.0062852180571967,4.245040605849455,233.7100067138672,228.260498046875,False,False,0.0041784906564676,False,WATCH,52.0,volume 4.2x; 15m momentum; positive 1M trend; enough daily range,223.2226109613892,228.57738903861085,231.2547780772217,,,,,,,,,,,,,,,
2026-09-08T22:56:06.662911+00:00,AVGO,357.8999938964844,375.6314987182617,383.7323999023437,0.0321358581256734,360.1600036621094,353.70001220703125,-0.1274621143841326,368.72,363.7250061035156,0.0162755303335266,0.0302319259235448,368.3936981241978,0.000885742284582,2.2393279927575667,370.6300048828125,362.7449951171875,False,False,0.0055360046499171,False,WATCH,51.0,holding above VWAP; volume 2.2x; 15m momentum; enough daily range,364.5728032371656,372.86719676283445,377.0143935256689,,,,,,,,,,,,,,,
2026-09-08T22:56:06.662911+00:00,WMT,107.13999938964844,108.60249900817873,110.68999923706056,0.0259940252312637,109.2300033569336,106.93000030517578,-0.0586721142862405,106.1,106.77999877929688,-0.0033600953182976,-0.0097069198765453,106.04852450581656,0.0004853956660246,7.814066562478659,106.87000274658205,105.91000366210938,False,False,0.0014157909964931,True,WATCH,49.0,holding above VWAP; volume 7.8x; near support; enough daily range,105.91000366210938,106.5244,106.9488,,,,,,,,,,,,,,,
2026-09-09T00:18:01.866852+00:00,TSLA,376.3699951171875,348.4394989013672,357.9477984619141,0.041659218523696,364.6900024414063,351.32000732421875,0.0776066743017889,367.57,357.2699890136719,-0.0507479510888443,-0.023381234506878,364.8014733785227,0.007589132236329,3.0853263905743726,362.4200134277344,355.989990234375,True,False,-0.0016025740336825,False,ENTRY TRIGGERED,74.0,holding above VWAP; opening-range breakout; volume 3.1x; positive 1M trend; enough daily range,362.2105623665358,372.9294376334642,378.2888752669284,,,,,,,,,,,,,,,
2026-09-09T00:18:01.866852+00:00,CAT,800.1400146484375,823.7080017089844,872.6915991210938,0.0277504989895109,821.0,801.0,-0.0335434995881056,825.91,823.3400268554688,0.0289949406132685,0.0322068449018704,825.044079772054,0.0010495441991233,7.886034818725349,830.5,817.0900268554688,False,True,0.0046588930889164,True,ENTRY TRIGGERED,71.0,VWAP reclaim; volume 7.9x; 15m momentum; near support; enough daily range,817.8882048828506,833.9317951171494,841.9535902342988,,,,,,,,,,,,,,,
2026-09-09T00:18:01.866852+00:00,NBIS,210.6300048828125,223.5559989929199,213.0779998779297,0.0702311413455146,226.5800018310547,209.40499877929688,0.2043943071737008,245.187,234.84500122070312,0.1149646098682048,0.1640649210278177,244.6897816702841,0.0020320355280953,6.583684701594208,242.82000732421875,234.3249969482422,True,True,0.011685355459496,False,WATCH,67.0,VWAP reclaim; opening-range breakout; volume 6.6x; 15m momentum; positive 1M trend; enough daily range; already >7% up,241.509195,248.864805,252.54261,,,,,,,,,,,,,,,
2026-09-09T00:18:01.866852+00:00,UNH,400.9400024414063,396.9119995117188,411.73839904785154,0.0204063753377416,402.2300109863281,395.2000122070313,-0.0244177366898472,400.84,392.3999938964844,-0.021299966311468,-0.0002494199650754,399.6192863763044,0.0030546914658819,27.771016653835947,396.1499938964844,390.4400024414063,True,False,-0.0003740498217608,True,WATCH,64.0,holding above VWAP; opening-range breakout; volume 27.8x; near support,397.97710797836686,403.7028920216331,406.5657840432662,,,,,,,,,,,,,,,
2026-09-09T00:18:01.866852+00:00,CL,90.08999633789062,91.10199928283691,91.82999969482422,0.016887865038772,90.54000091552734,88.66000366210938,-0.0482470265032921,88.41,88.04000091552734,-0.0227549728681816,-0.0186479787565941,88.35425582619075,0.0006309166806734,9.007906018282618,88.38999938964844,87.66999816894531,True,False,-4.14218892519358e-08,True,WATCH,60.0,holding above VWAP; opening-range breakout; volume 9.0x; near support,87.87953999999999,88.94046,89.47092,,,,,,,,,,,,,,,
2026-09-09T00:18:01.866852+00:00,GOOGL,342.4800109863281,343.6109985351562,348.5693988037109,0.0196414131220769,343.5299987792969,337.0899963378906,-0.0447078658866524,338.36,335.3800048828125,-0.0207311547411713,-0.0120299312490169,336.8820942298857,0.0043870119410556,2.415981035734134,336.989990234375,333.2200012207031,True,False,0.0005908833749233,True,WATCH,60.0,holding above VWAP; opening-range breakout; volume 2.4x; near support,336.0339460096049,340.6860539903951,343.01210798079023,,,,,,,,,,,,,,,
2026-09-09T00:18:01.866852+00:00,CRM,264.42999267578125,220.91699905395507,191.65039978027343,0.0432573793201142,263.6000061035156,257.82000732421875,0.3449725204844527,249.12,253.71499633789065,-0.0405211081748518,-0.0578980943911037,248.7672216869749,0.0014181060938529,5.906016729388438,253.99989318847656,246.5500030517578,False,False,0.0002810558015839,False,WATCH,56.0,holding above VWAP; volume 5.9x; positive 1M trend; enough daily range,246.5500030517578,251.6899969482422,254.2599938964844,,,,,,,,,,,,,,,
2026-09-09T00:18:01.866852+00:00,XOM,162.2100067138672,161.42300109863282,152.960400390625,0.0205861881269513,161.47999572753906,159.16000366210938,0.0420152131250317,160.88,160.61000061035156,-0.0098637940773775,-0.0081992889391422,160.66598017922888,0.0013320792648969,8.803194294552705,163.11000061035156,160.0,False,False,0.0014940277095583,True,WATCH,53.0,holding above VWAP; volume 8.8x; near support; positive 1M trend,160.0,161.76,162.64,,,,,,,,,,,,,,,
2026-09-09T00:18:01.866852+00:00,NFLX,82.66999816894531,79.30999984741212,75.44019958496094,0.0270784184280211,82.69000244140625,78.2300033569336,0.055435670949377,76.78,77.51000213623047,-0.0624167914237741,-0.0712471065610579,76.60103510380216,0.0023363247762295,7.501097219783948,77.72000122070312,75.91999816894531,False,False,0.0015653056634268,False,WATCH,52.0,holding above VWAP; volume 7.5x; positive 1M trend; enough daily range,76.05232166158379,77.50767833841621,78.23535667683242,,,,,,,,,,,,,,,
2026-09-09T00:18:01.866852+00:00,NVDA,228.4499969482422,220.08200073242188,210.5663995361328,0.0341462582169198,234.759994506836,229.6300048828125,0.0285765034141165,225.9,233.2100067138672,0.020836112187401,-0.0111621666986492,227.3288111487532,-0.0062852180571967,4.245040605849455,233.7100067138672,228.260498046875,False,False,0.0041784906564676,False,WATCH,52.0,volume 4.2x; 15m momentum; positive 1M trend; enough daily range,223.20022609407928,228.5997739059208,231.2995478118415,,,,,,,,,,,,,,,
2026-09-09T00:18:01.866852+00:00,AMD,456.1600036621094,475.1980010986328,499.2746008300781,0.0396894427016352,478.8299865722656,458.0,-0.01197860435868,505.3997,488.8800048828125,0.0717292199184997,0.1079439142901355,502.5890806461894,0.0055922809747417,3.4686099554636183,496.7698974609375,486.5705871582031,True,False,0.003374404907241,False,WATCH,52.0,holding above VWAP; opening-range breakout; volume 3.5x; enough daily range; already >7% up,498.3790386478992,512.4203613521008,519.4410227042015,,,,,,,,,,,,,,,
2026-09-09T00:18:01.866852+00:00,AVGO,357.1600036621094,378.32349853515626,383.6615997314453,0.0312344867524853,360.1600036621094,353.70001220703125,-0.1633159114322486,368.72,363.7250061035156,0.0183811243534901,0.0323664358252917,368.3936981241978,0.000885742284582,2.2393279927575667,370.6300048828125,362.7449951171875,False,False,0.0055360046499171,False,WATCH,51.0,holding above VWAP; volume 2.2x; 15m momentum; enough daily range,364.6891270156183,372.7508729843818,376.7817459687635,,,,,,,,,,,,,,,
2026-09-09T00:18:01.866852+00:00,WMT,108.41999816894533,108.9329990386963,110.88279922485351,0.0255092641543647,109.2300033569336,106.93000030517578,-0.0421099610972495,106.1,106.77999877929688,-0.0151263550760525,-0.0213982494754352,106.0450561345845,0.0005181181227889,7.814066562478659,106.87000274658205,105.91000366210938,False,False,0.0014157909964931,True,WATCH,49.0,holding above VWAP; volume 7.8x; near support; enough daily range,105.91000366210938,106.5244,106.9488,,,,,,,,,,,,,,,
2026-09-09T19:59:32.377313+00:00,META,613.47998046875,580.5224975585937,598.5719958496094,0.0324437278570672,624.7999877929688,609.739990234375,0.0905828881919301,653.39501953125,648.6400146484375,0.0573124393608122,0.0650633114906236,649.8789839190124,0.0054102928379597,3.5592932582992054,651.6909790039062,638.5601196289062,True,False,-8.415743324496905e-05,False,ENTRY TRIGGERED,74.0,holding above VWAP; opening-range breakout; volume 3.6x; positive 1M trend; enough daily range,645.9755199623578,660.8145191001422,668.2340186690344,,,,,,,,,,,,,,,
2026-09-09T19:59:32.377313+00:00,BAC,62.38999938964844,62.80524959564209,61.80749977111817,0.0177741502841024,62.81999969482422,62.11000061035156,-0.0194531083106994,62.755001068115234,61.970001220703125,-0.0067318187699004,0.0058503234819289,62.54572222946768,0.003346013623118,3.5536879046705763,62.14500045776367,61.42499923706055,True,False,-0.0006369472409644,True,WATCH,64.0,holding above VWAP; opening-range breakout; volume 3.6x; near support,62.36460518109294,63.14539695513753,63.53579284215982,,,,,,,,,,,,,,,
2026-09-09T19:59:32.377313+00:00,JPM,353.510009765625,357.67224884033203,350.7744995117188,0.0164250709783373,358.54998779296875,353.2300109863281,-0.0197354418368472,354.92999267578125,352.0,-0.0042714766878203,0.0040168110405067,354.3499436034885,0.0016369385201362,2.3354520234219245,353.4800109863281,348.69000244140625,True,False,-0.0006703815761751,True,WATCH,64.0,holding above VWAP; opening-range breakout; volume 2.3x; near support,352.8004127197266,357.0595726318359,359.1891525878906,,,,,,,,,,,,,,,
2026-09-09T19:59:32.377313+00:00,GS,1036.530029296875,1033.0100067138671,1044.234600830078,0.02309370323865,1043.8399658203125,1028.56005859375,-0.004408366550085,1029.8499755859375,1028.0,-0.0082294087539955,-0.0064446311463536,1028.137418736366,0.0016656886699797,3.112337886383471,1028.3699951171875,1011.4000244140624,True,False,-0.001696393991291,True,WATCH,60.0,holding above VWAP; opening-range breakout; volume 3.1x; near support,1021.525908185158,1038.1740429867168,1046.4981103874964,,,,,,,,,,,,,,,
2026-09-09T19:59:32.377313+00:00,AAPL,316.2200012207031,314.05599822998045,316.4707995605469,0.0233811020731601,320.70001220703125,314.8999938964844,0.0339771907354113,315.2699890136719,315.9301147460937,-0.0009167240322887,-0.0030042761475046,314.1159622991709,0.0036738875224744,2.402669324586361,318.0,315.07000732421875,False,False,-0.0014095222887116,True,WATCH,53.0,holding above VWAP; volume 2.4x; near support; positive 1M trend,315.07000732421875,316.53106896972656,317.79214892578125,,,,,,,,,,,,,,,
2026-09-09T19:59:32.377313+00:00,CRM,249.1199951171875,225.83299865722657,195.19039978027345,0.0467302086718896,254.0,245.88999938964844,0.2365422148494975,244.19000244140625,252.0,0.0115607134684541,-0.0197896305893156,247.81740733449868,-0.0146374095835658,2.675142191640932,254.8000030517578,250.0200042724609,False,False,-0.0003888950172091,True,WATCH,50.0,volume 2.7x; near support; positive 1M trend; enough daily range,240.5271524047852,247.85285247802733,251.5157025146484,,,,,,,,,,,,,,,
2026-09-09T19:59:32.377313+00:00,WMT,106.0500030517578,108.22949905395508,110.51399932861328,0.0249848352491727,106.9000015258789,105.66000366210938,-0.0658661393587092,105.8000030517578,105.69000244140624,-0.0033946308344363,-0.0023573785271649,105.79697028103274,2.866595061279397e-05,2.3481390593082807,105.98999786376952,105.16000366210938,False,True,-0.0014505784780238,True,WATCH,50.0,VWAP reclaim; volume 2.3x; near support,105.16000366210938,106.44000244140624,107.08000183105467,,,,,,,,,,,,,,,
2026-09-09T19:59:32.377313+00:00,CVX,209.8000030517578,204.8345016479492,192.83140045166016,0.0185142326337325,213.3099975585937,209.17999267578125,0.0863418865623188,213.63999938964844,212.875,0.0146568012560208,0.0183031281317154,213.56600056038488,0.0003464916188409,3.8474374196650607,215.27999877929688,212.5500030517578,False,False,-0.0022300526695212,False,WATCH,49.0,holding above VWAP; volume 3.8x; positive 1M trend,212.5500030517578,214.72999572753903,215.8199920654297,,,,,,,,,,,,,,,
2026-09-09T19:59:32.377313+00:00,XOM,160.66000366210938,161.6925018310547,154.00800079345703,0.0212160484760084,163.11000061035156,158.75,0.0282853828919948,164.32000732421875,162.875,0.0137868560151976,0.0227810505333168,164.03455412596804,0.0017402016286853,3.521064377282624,165.0500030517578,162.5500030517578,False,False,-0.0007297197482726,False,WATCH,49.0,holding above VWAP; volume 3.5x; positive 1M trend,163.09982988987971,165.5401847585578,166.76036219289682,,,,,,,,,,,,,,,
2026-09-09T22:28:37.104258+00:00,META,613.47998046875,580.5374969482422,598.5779956054688,0.0324437278570672,624.7999877929688,609.739990234375,0.0910836022315444,652.0,648.6400146484375,0.0573124393608122,0.0627893668214201,650.0964821955179,0.0029280543067293,8.748527372450406,651.6909790039062,638.5601196289062,True,False,-0.0052483864710618,False,ENTRY TRIGGERED,74.0,holding above VWAP; opening-range breakout; volume 8.7x; positive 1M trend; enough daily range,644.5963413030173,659.4036586969827,666.8073173939654,,,,,,,,,,,,,,,
2026-09-09T22:28:37.104258+00:00,BAC,62.38999938964844,62.80099945068359,61.80579971313477,0.0177741502841024,62.81999969482422,62.11000061035156,-0.0207812786102294,62.67,61.970001220703125,-0.0067318187699004,0.0044879085284623,62.57967962331774,0.0014432860191346,13.693332106670466,62.14500045776367,61.42499923706055,True,False,-7.976445347268601e-05,True,WATCH,64.0,holding above VWAP; opening-range breakout; volume 13.7x; near support,62.28013290059336,63.059867099406645,63.44973419881329,,,,,,,,,,,,,,,
2026-09-09T22:28:37.104258+00:00,JPM,353.510009765625,357.6629989624024,350.7707995605469,0.0164250709783373,358.54998779296875,353.2300109863281,-0.020246428341729,354.631,352.0,-0.0042714766878203,0.0031710282690953,354.4384376287044,0.0005432886246308,11.33849267097827,353.4800109863281,348.69000244140625,True,False,-0.0010112686110895,True,WATCH,64.0,holding above VWAP; opening-range breakout; volume 11.3x; near support,352.503214,356.758786,358.886572,,,,,,,,,,,,,,,
2026-09-09T22:28:37.104258+00:00,GS,1036.530029296875,1032.956509399414,1044.213201904297,0.02309370323865,1043.8399658203125,1028.56005859375,-0.0054427206782436,1028.78,1028.0,-0.0082294087539955,-0.0074768979941007,1028.3644499127354,0.0004040883436799,11.842437742282478,1028.3699951171875,1011.4000244140624,True,False,-0.0026175791288969,True,WATCH,60.0,holding above VWAP; opening-range breakout; volume 11.8x; near support,1020.4645809937496,1037.0954190062505,1045.4108380125008,,,,,,,,,,,,,,,
2026-09-09T22:28:37.104258+00:00,MU,1000.260009765625,958.2295013427736,933.2880041503906,0.0440680706798647,1041.0699462890625,997.6199951171876,0.1833578920678753,1028.1797,999.3499755859376,-0.0009097976234206,0.027912432729283,1024.7175746357143,0.0033786142152547,2.4515767001977253,1038.0,992.2966918945312,False,False,0.0007053778280414,False,WATCH,56.0,holding above VWAP; volume 2.5x; positive 1M trend; enough daily range,1012.7570045,1043.6023955,1059.025091,,,,,,,,,,,,,,,
2026-09-09T22:28:37.104258+00:00,AAPL,316.2200012207031,314.0594985961914,316.4721997070312,0.0233811020731601,320.70001220703125,314.8999938964844,0.0342067906940153,315.65,315.4106140136719,-0.0025595699320307,-0.0018025463870178,314.2015749270004,0.004609859366033,5.53447324260162,318.0,315.05499267578125,False,False,0.0007291438795093,True,WATCH,53.0,holding above VWAP; volume 5.5x; near support; positive 1M trend,315.05499267578125,316.9126,318.1752,,,,,,,,,,,,,,,
2026-09-09T22:28:37.104258+00:00,ORCL,162.52000427246094,149.69199981689454,140.39580032348633,0.0398917922205366,170.6999969482422,161.16000366210938,0.1110118891226794,161.63,163.5399932861328,0.006276082862771,-0.0054762752219036,162.07009751425335,-0.0027154763340266,23.750659679885626,165.14999389648438,161.0,False,False,-0.0017293783940226,True,WATCH,50.0,volume 23.8x; near support; positive 1M trend; enough daily range,161.0,162.27652,162.92304,,,,,,,,,,,,,,,
2026-09-09T22:28:37.104258+00:00,CRM,249.1199951171875,225.8319992065429,195.19,0.0467302086718896,254.0,245.88999938964844,0.2364409892782801,244.0648,249.77999877929688,0.0026493403783141,-0.0202922094423192,246.93160407402704,-0.0116097090316865,8.334448737195546,254.8000030517578,248.5,False,False,0.0001220986229166,True,WATCH,50.0,volume 8.3x; near support; positive 1M trend; enough daily range,240.403828,247.725772,251.386744,,,,,,,,,,,,,,,
2026-09-09T22:28:37.104258+00:00,NVDA,225.72999572753903,220.7995002746582,211.8043994140625,0.0334849990034676,233.7100067138672,224.8500061035156,0.0283678076733118,223.75,225.2700042724609,-0.0020377949930647,-0.0087715224605282,224.25892990436145,-0.0022693852350873,3.426694806359948,226.17999267578125,223.86300659179688,False,False,-4.466619181842102e-05,True,WATCH,50.0,volume 3.4x; near support; positive 1M trend; enough daily range,221.12770601554087,226.37229398445905,228.9945879689181,,,,,,,,,,,,,,,
2026-09-09T22:28:37.104258+00:00,CVX,209.8000030517578,204.84300155639647,192.83480041503907,0.0185142326337325,213.3099975585937,209.17999267578125,0.0872063133180378,213.81,212.875,0.0146568012560208,0.019113426548678,213.74095619908857,0.0003230256013597,47.4940956733779,215.27999877929688,212.5500030517578,False,False,0.0004211060208816,False,WATCH,49.0,holding above VWAP; volume 47.5x; positive 1M trend,212.5500030517578,215.0699969482422,216.3299938964844,,,,,,,,,,,,,,,
2026-09-09T22:28:37.104258+00:00,AVGO,368.55999755859375,373.046499633789,383.57099975585936,0.0286714382498227,372.7000122070313,362.739990234375,-0.124254910973647,364.58,366.4700012207031,-0.0056707085731906,-0.0107987779057899,363.1795658521236,0.003856037837896,3.237421762454347,368.010009765625,361.2799987792969,False,False,0.0002194787379972,True,WATCH,49.0,holding above VWAP; volume 3.2x; near support; enough daily range,361.2799987792969,367.8800012207031,371.1800024414062,,,,,,,,,,,,,,,
2026-09-10T00:17:31.936775+00:00,META,616.77001953125,577.8089965820312,596.7561950683594,0.0293661145112284,624.7999877929688,609.739990234375,0.0311974687214307,652.0,648.6400146484375,0.0516724129058816,0.0571201247679402,650.0964815036435,0.0029280553741095,8.748527372450406,651.6909790039062,638.5601196289062,True,False,-0.0052483864710618,False,ENTRY TRIGGERED,74.0,holding above VWAP; opening-range breakout; volume 8.7x; positive 1M trend; enough daily range,645.2986526685377,658.7013473314623,665.4026946629247,,,,,,,,,,,,,,,
2026-09-10T00:17:31.936775+00:00,GS,1038.6099853515625,1033.2380096435547,1044.0418017578124,0.0230474549947915,1043.8399658203125,1028.56005859375,0.0019526341090769,1028.78,1028.0,-0.0102155626281323,-0.0094645588721498,1028.3644499127354,0.0004040883436799,11.842437742282478,1028.3699951171875,1011.4000244140624,True,False,-0.0026175791288969,True,WATCH,67.0,holding above VWAP; opening-range breakout; volume 11.8x; near support; positive 1M trend,1020.4812337376604,1037.0787662623395,1045.377532524679,,,,,,,,,,,,,,,
2026-09-10T00:17:31.936775+00:00,BAC,62.68000030517578,62.86749954223633,61.70999977111816,0.017691914805002,62.81999969482422,62.11000061035156,-0.023019123185928,62.67,61.970001220703125,-0.0113273624922753,-0.0001595453913064,62.57967962331774,0.0014432860191346,13.693332106670466,62.14500045776367,61.42499923706055,True,False,-7.976445347268601e-05,True,WATCH,64.0,holding above VWAP; opening-range breakout; volume 13.7x; near support,62.281936694709685,63.05806330529032,63.44612661058064,,,,,,,,,,,,,,,
2026-09-10T00:17:31.936775+00:00,JPM,358.6400146484375,358.02949981689454,350.26440002441404,0.0161901259335073,358.54998779296875,353.2300109863281,-0.0174546225024277,354.631,352.0,-0.0185144277750113,-0.0111783807848865,354.4384376287044,0.0005432886246308,11.33849267097827,353.4800109863281,348.69000244140625,True,False,-0.0010112686110895,True,WATCH,64.0,holding above VWAP; opening-range breakout; volume 11.3x; near support,352.503214,356.758786,358.886572,,,,,,,,,,,,,,,
2026-09-10T00:17:31.936775+00:00,MU,1016.5900268554688,950.2670013427736,935.6382043457032,0.0433601822210878,1041.0699462890625,997.6199951171876,0.1617421716209348,1028.1797,1003.1777954101562,-0.0131933533587766,0.0114005379143651,1024.7097998979016,0.0033862271078544,2.4515767001977253,1038.0,992.2966918945312,False,False,0.0007053778280414,False,WATCH,56.0,holding above VWAP; volume 2.5x; positive 1M trend; enough daily range,1012.7570045,1043.6023955,1059.025091,,,,,,,,,,,,,,,
2026-09-10T00:17:31.936775+00:00,AAPL,319.9700012207031,313.5379989624024,315.8001995849609,0.0231070790946313,320.70001220703125,314.8999938964844,0.0258223292120514,315.65,315.9301147460937,-0.0126258288564459,-0.0135012695072104,314.201731283212,0.0046093594420157,5.53447324260162,318.0,315.07000732421875,False,False,0.0007291438795093,True,WATCH,53.0,holding above VWAP; volume 5.5x; near support; positive 1M trend,315.07000732421875,316.9126,318.1752,,,,,,,,,,,,,,,
2026-09-10T00:17:31.936775+00:00,ORCL,158.77999877929688,148.88449935913087,140.1184001159668,0.0408314289706562,170.6999969482422,161.16000366210938,0.0759351273682058,161.63,163.5399932861328,0.0299785523581739,0.0179493717257461,162.07009751425335,-0.0027154763340266,23.750659679885626,165.14999389648438,161.0,False,False,-0.0017293783940226,True,WATCH,50.0,volume 23.8x; near support; positive 1M trend; enough daily range,161.0,162.27652,162.92304,,,,,,,,,,,,,,,
2026-09-10T00:17:31.936775+00:00,CRM,259.2300109863281,223.49749908447265,193.46539978027343,0.0449077223423034,254.0,245.88999938964844,0.2613032355107747,244.0648,252.0,-0.0278903316742498,-0.058500985007974,246.95454376071808,-0.0117015209224822,8.334448737195546,254.8000030517578,250.0200042724609,False,False,0.0001220986229166,True,WATCH,50.0,volume 8.3x; near support; positive 1M trend; enough daily range,240.403828,247.725772,251.386744,,,,,,,,,,,,,,,
2026-09-10T00:17:31.936775+00:00,NVDA,230.3600006103516,220.49100036621093,211.23039947509767,0.0328119841203444,233.7100067138672,224.8500061035156,0.0376005174030502,223.75,225.2700042724609,-0.0220958340180777,-0.0286942203196648,224.25892990436145,-0.0022693852350873,3.426694806359948,226.17999267578125,223.86300659179688,False,False,-4.466619181842102e-05,True,WATCH,50.0,volume 3.4x; near support; positive 1M trend; enough daily range,221.18041149357552,226.31958850642448,228.88917701284896,,,,,,,,,,,,,,,
2026-09-10T00:17:31.936775+00:00,CVX,208.6000061035156,203.98550186157223,191.92800048828124,0.0177886627472277,213.3099975585937,209.17999267578125,0.0763942286690493,213.81,212.875,0.0204937381179315,0.0249760006905224,213.74095619908857,0.0003230256013597,47.4940956733779,215.27999877929688,212.5500030517578,False,False,0.0004211060208816,False,WATCH,49.0,holding above VWAP; volume 47.5x; positive 1M trend,212.5500030517578,215.0699969482422,216.3299938964844,,,,,,,,,,,,,,,
2026-09-10T00:17:31.936775+00:00,AVGO,357.8999938964844,375.6314987182617,383.7323999023437,0.0294156483613858,372.7000122070313,362.739990234375,-0.1274621143841326,364.58,366.4700012207031,0.023945256972252,0.0186644487774081,363.1795658521236,0.003856037837896,3.237421762454347,368.010009765625,361.2799987792969,False,False,0.0002194787379972,True,WATCH,49.0,holding above VWAP; volume 3.2x; near support; enough daily range,361.2799987792969,367.8800012207031,371.1800024414062,,,,,,,,,,,,,,,
2026-09-10T16:57:24.022980+00:00,AAPL,315.3399963378906,315.14949798583984,317.1659997558594,0.0234146355221223,319.1499938964844,309.8999938964844,0.0721256833514267,324.05499267578125,316.7900085449219,0.0045982502184009,0.0276368251382626,320.98366729564685,0.0095684786893082,1.6001001199916898,323.1289978027344,316.57000732421875,True,False,0.0018703986579624,False,WATCH,59.0,holding above VWAP; opening-range breakout; volume 1.6x; positive 1M trend,321.39932233586165,326.71066301570085,329.36633335562044,,,,,,,,,,,,,,,
2026-09-10T16:57:24.022980+00:00,NFLX,76.02999877929688,79.49549942016601,75.64039947509765,0.0273858082278593,76.72000122070312,75.87000274658203,0.0268157645643456,76.19999694824219,75.28199768066406,-0.0098382363625197,0.002235935442256,75.82629576726634,0.0049283850304759,0.3799268543579262,76.16999816894531,75.02999877929688,True,False,0.0002624920318494,True,WATCH,58.0,holding above VWAP; opening-range breakout; near support; positive 1M trend; enough daily range,75.46961747205637,76.930376424428,77.66075590061382,,,,,,,,,,,,,,,
2026-09-10T16:57:24.022980+00:00,MSFT,491.6499938964844,494.56275177001953,451.4682995605469,0.0205648824131732,494.3900146484375,489.7999877929688,0.0027110898858981,493.7650146484375,488.3200073242188,-0.006773083725425,0.0043018830025622,490.72721061047145,0.0061904128654022,0.5014595635018678,491.6700134277344,486.0,True,False,0.0012877126910497,True,WATCH,51.0,holding above VWAP; opening-range breakout; near support; positive 1M trend,490.2110378353432,497.3189914615318,500.87296827462615,,,,,,,,,,,,,,,
2026-09-10T19:32:46.588868+00:00,NFLX,76.02999877929688,79.47874946594239,75.6336994934082,0.0273858082278593,76.72000122070312,75.87000274658203,0.0223015604327525,75.86499786376953,75.28199768066406,-0.0098382363625197,-0.0021702080517759,75.85992611435786,6.685676708961807e-05,0.3683680553435453,76.16999816894531,75.02999877929688,False,True,0.0009235397653575,True,WATCH,48.0,VWAP reclaim; near support; positive 1M trend; enough daily range,75.13782936482308,76.59216636271599,77.31933486166244,,,,,,,,,,,,,,,
2026-09-10T22:23:14.445430+00:00,MSFT,491.6499938964844,494.496501159668,451.4417993164063,0.0206462407496125,494.3900146484375,489.7999877929688,2.032728666789829e-05,492.65,487.8999938964844,-0.007627377293916,0.0020339796927286,491.4003564103303,0.0025430254035596,4.300613765651081,491.6700134277344,486.0,True,False,0.0005077297047411,True,ENTRY TRIGGERED,71.0,holding above VWAP; opening-range breakout; volume 4.3x; near support; positive 1M trend,489.0900203231462,496.2099796768538,499.7699593537076,,,,,,,,,,,,,,,
2026-09-10T22:23:14.445430+00:00,AAPL,315.3399963378906,315.2754989624024,317.2164001464844,0.02383368573663,319.1499938964844,309.8999938964844,0.0804632169535772,326.3601,316.7900085449219,0.0045982502184009,0.0349467361897892,322.8049449111698,0.0110133228901079,7.2705706449357566,323.1289978027344,316.57000732421875,True,False,0.0022883153047981,False,WATCH,67.0,holding above VWAP; opening-range breakout; volume 7.3x; positive 1M trend,323.63767257886866,329.0825274211313,331.80495484226265,,,,,,,,,,,,,,,
2026-09-10T22:23:14.445430+00:00,NFLX,76.02999877929688,79.48599967956542,75.63659957885743,0.0273858082278593,76.72000122070312,75.87000274658203,0.0242555325962054,75.8974,75.28199768066406,-0.0098382363625197,-0.0017440323744024,75.8763662102631,0.0002772113477156,4.894527082778386,76.16999816894531,75.02999877929688,False,False,0.0007569048639404,True,WATCH,60.0,holding above VWAP; volume 4.9x; near support; positive 1M trend; enough daily range,75.1699209255124,76.62487907448761,77.35235814897521,,,,,,,,,,,,,,,
2026-09-10T22:23:14.445430+00:00,RGTI,15.239999771118164,16.40925006866455,16.210500087738037,0.061586054277586,15.9399995803833,15.154999732971191,-0.1769815534950714,15.19,14.864999771118164,-0.0246062995821479,-0.003280824925793,15.181851748370365,0.0005367099985356,2.288998193997258,15.404999732971191,14.850000381469728,False,True,-0.0019711081801883,True,WATCH,57.0,VWAP reclaim; volume 2.3x; near support; enough daily range,14.96215,15.41785,15.6457,,,,,,,,,,,,,,,
2026-09-10T22:23:14.445430+00:00,GOOGL,330.6499938964844,341.44849853515626,347.6333984375,0.0211517521820981,331.8500061035156,327.8999938964844,-0.0318449152043254,332.4018,328.010009765625,-0.0079842255544873,0.0052980678537801,330.7956145972803,0.0048555220560437,2.736189553382306,330.45001220703125,327.7464904785156,True,False,-0.001286502387226,False,WATCH,52.0,holding above VWAP; opening-range breakout; volume 2.7x,329.94099182553083,334.8626081744692,337.3234163489383,,,,,,,,,,,,,,,
2026-09-10T22:23:14.445430+00:00,CRM,244.1600036621093,228.31599884033204,196.91679992675785,0.0482265738014187,254.8000030517578,243.4499969482422,0.2569831926007662,243.29,245.3500061035156,0.0048738631371134,-0.0035632521668592,244.31792781600552,-0.0042073368303109,6.010840769749294,248.13999938964844,242.4600067138672,False,False,4.110991759831428e-05,True,WATCH,50.0,volume 6.0x; near support; positive 1M trend; enough daily range,242.4600067138672,244.26316,245.23632,,,,,,,,,,,,,,,
2026-09-10T22:23:14.445430+00:00,AMD,521.0999755859375,480.3794998168945,497.0438006591797,0.0359102902798501,526.7899780273438,506.3599853515625,0.0428012625871663,503.7,508.7000122070313,-0.0237957473802669,-0.0333908585706084,506.6353167361339,-0.0057937467822889,4.253069812960127,516.3322143554688,504.0299987792969,False,False,0.0007450211769219,True,WATCH,50.0,volume 4.3x; near support; positive 1M trend; enough daily range,497.3691953751138,510.0308046248862,516.3616092497723,,,,,,,,,,,,,,,
2026-09-10T22:23:14.445430+00:00,META,653.6900024414062,583.813998413086,600.1997961425782,0.031615037823128,657.8599853515625,638.5599975585938,0.1132072766014071,644.01,653.5999755859375,-0.0001377210223998,-0.0148082461185781,651.0824419918571,-0.0108625905656745,2.6390472016384527,663.5,643.0900268554688,False,False,0.0010647616367638,True,WATCH,50.0,volume 2.6x; near support; positive 1M trend; enough daily range,643.0900268554688,646.58604,649.16208,,,,,,,,,,,,,,,
2026-09-10T22:23:14.445430+00:00,XOM,164.22999572753906,161.96200103759764,154.57640045166016,0.0208940399508956,165.17999267578125,162.5500030517578,0.0343035726293525,165.23,167.0,0.0168666159929544,0.0060890476677595,165.18814930755127,0.0002533516636886,40.92948673978326,167.3699951171875,164.23190307617188,False,False,-0.001631419939577,False,WATCH,49.0,holding above VWAP; volume 40.9x; positive 1M trend,164.23190307617188,166.2280969238281,167.22619384765622,,,,,,,,,,,,,,,
2026-09-11T00:13:08.436247+00:00,AAPL,316.2200012207031,314.0594985961914,316.4721997070312,0.0234895212720219,319.1499938964844,309.8999938964844,0.0342067906940153,326.3601,316.7900085449219,0.0018025656885027,0.0320665952190029,322.8049449111698,0.0110133228901079,7.2705706449357566,323.1289978027344,316.57000732421875,True,False,0.0022883153047981,False,WATCH,67.0,holding above VWAP; opening-range breakout; volume 7.3x; positive 1M trend,323.67698512104874,329.04321487895123,331.7263297579025,,,,,,,,,,,,,,,
2026-09-11T00:13:08.436247+00:00,MSFT,493.9500122070313,494.4960006713867,449.05339904785154,0.0205501040341666,494.3900146484375,489.7999877929688,-0.0241360904329714,492.65,487.8999938964844,-0.0122482400263836,-0.0026318699765238,491.4003564103303,0.0025430254035596,4.300613765651081,491.6700134277344,486.0,True,False,0.0005077297047411,True,WATCH,64.0,holding above VWAP; opening-range breakout; volume 4.3x; near support,489.1065969366487,496.1934030633512,499.7368061267025,,,,,,,,,,,,,,,
2026-09-11T00:13:08.436247+00:00,NFLX,76.7699966430664,79.39599952697753,75.54439956665038,0.027121832189402,76.72000122070312,75.87000274658203,0.0165797278859518,75.8974,75.28199768066406,-0.0193825586487991,-0.011366375944022,75.8763662102631,0.0002772113477156,4.894527082778386,76.16999816894531,75.02999877929688,False,False,0.0007569048639404,True,WATCH,60.0,holding above VWAP; volume 4.9x; near support; positive 1M trend; enough daily range,75.17693320875583,76.61786679124418,77.33833358248836,,,,,,,,,,,,,,,
2026-09-11T00:13:08.436247+00:00,RGTI,15.8100004196167,16.572250080108642,16.29370008468628,0.0593656817320462,15.9399995803833,15.154999732971191,-0.1575456250652389,15.19,14.864999771118164,-0.0597723354469996,-0.0392157117748976,15.181851748370365,0.0005367099985356,2.288998193997258,15.404999732971191,14.850000381469728,False,True,-0.0019711081801883,True,WATCH,57.0,VWAP reclaim; volume 2.3x; near support; enough daily range,14.96215,15.41785,15.6457,,,,,,,,,,,,,,,
2026-09-11T00:13:08.436247+00:00,GOOGL,338.3599853515625,341.99549865722656,348.12879821777346,0.0206697808035545,331.8500061035156,327.8999938964844,-0.0382489655712352,332.4018,328.010009765625,-0.0305886512413212,-0.0176090129137813,330.7956145972803,0.0048555220560437,2.736189553382306,330.45001220703125,327.7464904785156,True,False,-0.001286502387226,False,WATCH,52.0,holding above VWAP; opening-range breakout; volume 2.7x,329.99706467935255,334.8065353206474,337.21127064129485,,,,,,,,,,,,,,,
2026-09-11T00:13:08.436247+00:00,CRM,249.1199951171875,225.8319992065429,195.19,0.0472663803257798,254.8000030517578,243.4499969482422,0.2364409892782801,243.29,245.3500061035156,-0.015133225303326,-0.0234023572232531,244.31792781600552,-0.0042073368303109,6.010840769749294,248.13999938964844,242.4600067138672,False,False,4.110991759831428e-05,True,WATCH,50.0,volume 6.0x; near support; positive 1M trend; enough daily range,242.4600067138672,244.26316,245.23632,,,,,,,,,,,,,,,
2026-09-11T00:13:08.436247+00:00,AMD,505.739990234375,479.3459991455078,498.59,0.0363275544138691,526.7899780273438,506.3599853515625,0.0986253321373022,503.7,508.7000122070313,0.0058528533036996,-0.004033673970353,506.6353167361339,-0.0057937467822889,4.253069812960127,516.3322143554688,504.0299987792969,False,False,0.0007450211769219,True,WATCH,50.0,volume 4.3x; near support; positive 1M trend; enough daily range,497.2956337946069,510.104366205393,516.508732410786,,,,,,,,,,,,,,,
2026-09-11T00:13:08.436247+00:00,META,613.47998046875,580.5374969482422,598.5779956054688,0.0336872185071056,657.8599853515625,638.5599975585938,0.0910836022315444,644.01,653.5999755859375,0.065397399091218,0.0497653069427344,651.0824419918571,-0.0108625905656745,2.6390472016384527,663.5,643.0900268554688,False,False,0.0010647616367638,True,WATCH,50.0,volume 2.6x; near support; positive 1M trend; enough daily range,643.0900268554688,646.58604,649.16208,,,,,,,,,,,,,,,
2026-09-11T00:13:08.436247+00:00,XOM,160.66000366210938,161.6880012512207,154.00620056152343,0.0213583220070342,165.17999267578125,162.5500030517578,0.0277221063277852,165.23,167.0,0.0394621946556439,0.0284451402571979,165.18814930755127,0.0002533516636886,40.92948673978326,167.3699951171875,164.23190307617188,False,False,-0.001631419939577,False,WATCH,49.0,holding above VWAP; volume 40.9x; positive 1M trend,164.23190307617188,166.2280969238281,167.22619384765622,,,,,,,,,,,,,,,
2026-09-11T22:23:05.420911+00:00,NFLX,76.01000213623047,79.44399986267089,75.70079956054687,0.0276148814471389,76.30000305175781,75.02999877929688,-0.010736149806052,77.2959,76.6050033569336,0.0078279332190613,0.0169174822737783,77.03520931242508,0.0033840459434291,8.235825050037615,76.97000122070312,76.1500015258789,True,False,-0.0018608269223038,False,WATCH,63.0,holding above VWAP; opening-range breakout; volume 8.2x; enough daily range,76.54881900980253,78.04298099019748,78.79006198039495,,,,,,,,,,,,,,,
2026-09-11T22:23:05.420911+00:00,WMT,105.7300033569336,107.28849906921388,110.33059936523438,0.0179601668943788,107.16000366210938,105.58999633789062,-0.0740580677879476,107.06,106.48999786376952,0.0071880685019016,0.012579179048888,106.68371429618422,0.0035271147644062,10.489650150151368,106.51000213623048,106.0,True,False,-0.0001867933387434,True,WATCH,60.0,holding above VWAP; opening-range breakout; volume 10.5x; near support,106.38701458630074,107.73298541369928,108.40597082739852,,,,,,,,,,,,,,,
2026-09-11T22:23:05.420911+00:00,XOM,165.22999572753906,162.33100128173828,155.1706005859375,0.0205946229973721,167.3699951171875,163.17999267578125,0.046529253227497,165.99,165.07000732421875,-0.000968276992418,0.0045996749507528,165.74762900561058,0.0014622893602973,26.931326236364526,167.0,164.24000549316406,False,False,0.0041134985871935,False,WATCH,59.0,holding above VWAP; volume 26.9x; 15m momentum; positive 1M trend,164.79352448503317,167.18647551496684,168.38295102993368,,,,,,,,,,,,,,,
2026-09-11T22:23:05.420911+00:00,JPM,353.5599975585937,356.7380004882813,351.7385998535156,0.0158590924200541,354.2200012207031,351.1199951171875,-0.0189473565662844,357.0,358.32000732421875,0.0134630891460965,0.0097296143940497,356.9167212096952,0.0002333283518423,11.803070194299398,360.04998779296875,356.5400085449219,False,True,0.0010936728203305,True,WATCH,58.0,VWAP reclaim; volume 11.8x; near support,356.5400085449219,358.428,359.856,,,,,,,,,,,,,,,
2026-09-11T22:23:05.420911+00:00,AMD,503.6000061035156,482.0354995727539,496.5488006591797,0.0378063547497005,516.3300170898438,502.80999755859375,0.0685699974070073,515.95,511.18499755859375,0.0150615396408853,0.0245234188776912,514.3631346670297,0.0030851070499007,3.739628500490261,520.2199096679688,501.3500061035156,False,False,-5.8103937913833725e-05,False,WATCH,56.0,holding above VWAP; volume 3.7x; positive 1M trend; enough daily range,509.1228339434122,522.7771660565879,529.6043321131757,,,,,,,,,,,,,,,
2026-09-11T22:23:05.420911+00:00,MU,977.4099731445312,962.807000732422,928.6100024414062,0.045169676190381,999.0,973.5,0.0267732038556702,975.1,993.25,0.016206123623343,-0.0023633615453089,977.910578358096,-0.0028740647870022,2.7431533736671945,993.989990234375,969.6699829101562,False,False,-0.0017913852729218,True,WATCH,50.0,volume 2.7x; near support; positive 1M trend; enough daily range,969.6699829101562,980.5300170898438,985.9600341796876,,,,,,,,,,,,,,,
2026-09-11T22:23:05.420911+00:00,META,644.3800048828125,586.4670013427734,600.902197265625,0.0330938317857975,663.5,642.1400146484375,0.0891810699808002,648.01,653.02001953125,0.0134082600064673,0.0056333143326625,652.1531152041426,-0.0063529792429891,2.501125607219078,664.239990234375,648.510009765625,False,False,0.0009268112638955,True,WATCH,50.0,volume 2.5x; near support; positive 1M trend; enough daily range,640.5042031225698,655.5157968774301,663.0215937548603,,,,,,,,,,,,,,,
2026-09-11T22:23:05.420911+00:00,CVX,212.759994506836,206.46900100708007,194.7422003173828,0.0192134656101902,217.3999938964844,211.33999633789065,0.0827516482695476,214.06,212.0200042724609,-0.0034780515768025,0.006110197061141,213.977826229249,0.0003840293744408,24.53435329035008,215.5500030517578,212.0200042724609,False,False,0.001216075512306,False,WATCH,49.0,holding above VWAP; volume 24.5x; positive 1M trend,212.6205079430189,215.49949205698107,216.9389841139621,,,,,,,,,,,,,,,
2026-09-12T00:21:11.753508+00:00,NFLX,76.02999877929688,79.48599967956542,75.63659957885743,0.0274760920021764,76.30000305175781,75.02999877929688,0.0242555325962054,77.2959,76.6050033569336,0.0075628644859757,0.0166500228992221,77.03520931242508,0.0033840459434291,8.235825050037615,76.97000122070312,76.1500015258789,True,False,-0.0018608269223038,False,ENTRY TRIGGERED,70.0,holding above VWAP; opening-range breakout; volume 8.2x; positive 1M trend; enough daily range,76.55257375907314,78.03922624092687,78.78255248185373,,,,,,,,,,,,,,,
2026-09-12T00:21:11.753508+00:00,WMT,105.83000183105467,107.71699905395508,110.36399932861327,0.0179431963826777,107.16000366210938,105.58999633789062,-0.088613038444953,107.06,106.22699737548828,0.00375125708745,0.0116223958014181,106.68123677233628,0.0035504202906087,10.489650150151368,106.51000213623048,106.01000213623048,True,False,-0.0001867933387434,True,WATCH,60.0,holding above VWAP; opening-range breakout; volume 10.5x; near support,106.38765048834468,107.73234951165531,108.40469902331064,,,,,,,,,,,,,,,
2026-09-12T00:21:11.753508+00:00,XOM,164.22999572753906,161.96200103759764,154.57640045166016,0.0207200241027313,167.3699951171875,163.17999267578125,0.0343035726293525,165.99,165.07000732421875,0.0051148488006618,0.0107167041237754,165.74762900561058,0.0014622893602973,26.931326236364526,167.0,164.24000549316406,False,False,0.0041134985871935,False,WATCH,59.0,holding above VWAP; volume 26.9x; 15m momentum; positive 1M trend,164.78623911971567,167.19376088028434,168.39752176056868,,,,,,,,,,,,,,,
2026-09-12T00:21:11.753508+00:00,AMD,521.0999755859375,480.3794998168945,497.0438006591797,0.0365367134421617,516.3300170898438,502.80999755859375,0.0428012625871663,515.95,511.18499755859375,-0.0190270168717531,-0.0098828935467646,514.3631346670297,0.0030851070499007,3.739628500490261,520.2199096679688,501.3500061035156,False,False,-5.8103937913833725e-05,False,WATCH,56.0,holding above VWAP; volume 3.7x; positive 1M trend; enough daily range,509.3521089448309,522.5478910551692,529.1457821103384,,,,,,,,,,,,,,,
2026-09-12T00:21:11.753508+00:00,JPM,354.7099914550781,357.08199920654295,351.29539978027344,0.0155579771622755,354.2200012207031,351.1199951171875,-0.0318199116880538,357.0,358.32000732421875,0.0101773729415732,0.0064560023683795,356.9167212096952,0.0002333283518423,11.803070194299398,360.04998779296875,356.5400085449219,False,True,0.0010936728203305,True,WATCH,54.0,VWAP reclaim; volume 11.8x; near support,356.5400085449219,358.428,359.856,,,,,,,,,,,,,,,
2026-09-12T00:21:11.753508+00:00,MU,1027.77001953125,961.5355010986328,929.7504028320312,0.0429563921433739,999.0,973.5,0.072556482252023,975.1,993.25,-0.0335872995662921,-0.051246892330321,977.910578358096,-0.0028740647870022,2.7431533736671945,993.989990234375,969.6699829101562,False,False,-0.0017913852729218,True,WATCH,50.0,volume 2.7x; near support; positive 1M trend; enough daily range,969.6699829101562,980.5300170898438,985.9600341796876,,,,,,,,,,,,,,,
2026-09-12T00:21:11.753508+00:00,META,653.6900024414062,583.813998413086,600.1997961425782,0.0324236302917368,663.5,642.1400146484375,0.1132072766014071,648.01,653.02001953125,-0.0010249245172084,-0.0086891376955323,652.1531152041426,-0.0063529792429891,2.501125607219078,664.239990234375,648.510009765625,False,False,0.0009268112638955,True,WATCH,50.0,volume 2.5x; near support; positive 1M trend; enough daily range,640.6562071671281,655.3637928328719,662.7175856657439,,,,,,,,,,,,,,,
2026-09-12T00:21:11.753508+00:00,CVX,213.8099975585937,205.6510009765625,193.77480041503907,0.0191191098842845,217.3999938964844,211.33999633789065,0.0821972934975983,214.06,212.0200042724609,-0.0083718876880033,0.0011692738611894,213.977826229249,0.0003840293744408,24.53435329035008,215.5500030517578,212.0200042724609,False,False,0.001216075512306,False,WATCH,49.0,holding above VWAP; volume 24.5x; positive 1M trend,212.62757716835952,215.49242283164048,216.92484566328096,,,,,,,,,,,,,,,
2026-09-14T18:28:33.605634+00:00,GOOGL,338.5,341.1449996948242,346.9347985839844,0.0221122682132306,342.9800109863281,335.0299987792969,0.0051749308369677,347.69000244140625,343.20001220703125,0.0138848218819238,0.027149194804745,346.01199353177105,0.0048495686305773,1.3183409680851492,347.2799987792969,342.2799987792969,True,False,-0.0031822975642457,True,WATCH,55.0,holding above VWAP; opening-range breakout; near support; positive 1M trend,344.9991273352412,350.38087754757134,353.07175265373644,,,,,,,,,,,,,,,
2026-09-14T18:28:33.605634+00:00,NFLX,77.4000015258789,79.5757495880127,75.7636994934082,0.0289774762619589,77.56999969482422,76.1500015258789,0.033712824761718,80.79499816894531,78.97000122070312,0.0202842333833712,0.0438630048596482,80.0822181199279,0.0089006032269234,0.8231570581258262,80.30000305175781,78.48999786376953,True,False,0.0017978504689784,False,WATCH,54.0,holding above VWAP; opening-range breakout; positive 1M trend; enough daily range,79.97556586941134,81.61443046847928,82.43386276801326,,,,,,,,,,,,,,,
2026-09-14T22:00:14.781608+00:00,GOOGL,338.5,341.2300003051758,346.968798828125,0.0221122682132306,342.9800109863281,335.0299987792969,0.010089681449944,348.55,343.20001220703125,0.0138848218819238,0.0296898079763663,346.58754485843804,0.0056622206154681,4.449690606938511,347.2799987792969,342.2799987792969,True,False,-0.0015754972612418,True,ENTRY TRIGGERED,75.0,holding above VWAP; opening-range breakout; volume 4.4x; near support; positive 1M trend,345.85246911999747,351.24753088000256,353.9450617600051,,,,,,,,,,,,,,,
2026-09-14T22:00:14.781608+00:00,MP,50.5099983215332,55.63449954986572,51.17919990539551,0.0566902042461508,51.7400016784668,50.33000183105469,-0.1372148645383115,50.9998,49.77000045776367,-0.0146505224383279,0.009697123237836,50.746519440859714,0.004991092235113,4.1752979435026845,50.470001220703125,49.5099983215332,True,True,0.0031431913243999,True,ENTRY TRIGGERED,75.0,VWAP reclaim; opening-range breakout; volume 4.2x; near support; enough daily range,50.234803,51.764797,52.529794,,,,,,,,,,,,,,,
2026-09-14T22:00:14.781608+00:00,CRM,247.72000122070312,233.79449844360352,200.47299987792968,0.0500911124039424,250.5500030517578,242.0200042724609,0.322205717336872,259.15,255.75,0.0324156254631318,0.0461407989785751,257.20801343289924,0.0075502568570142,9.026413462246872,257.489990234375,251.5,True,False,-0.0013487475915222,False,ENTRY TRIGGERED,74.0,holding above VWAP; opening-range breakout; volume 9.0x; positive 1M trend; enough daily range,255.26275,263.03725,266.9245,,,,,,,,,,,,,,,
2026-09-14T22:00:14.781608+00:00,META,648.030029296875,590.2545013427734,602.5561962890625,0.0335081473583039,664.239990234375,646.2000122070312,0.1284224856070435,665.009,657.6199951171875,0.0147986441781375,0.0262009010933452,661.0254626185122,0.0060262994495066,4.439234059918328,663.9000244140625,649.25,True,False,-0.0030746822866013,False,ENTRY TRIGGERED,74.0,holding above VWAP; opening-range breakout; volume 4.4x; positive 1M trend; enough daily range,657.2098731516905,672.8081268483095,680.607253696619,,,,,,,,,,,,,,,
2026-09-14T22:00:14.781608+00:00,AMD,516.1300048828125,480.9864990234375,496.0606005859375,0.0387637586347975,521.0599975585938,501.3500061035156,-0.040786194111227,493.3,486.1300048828125,-0.0581248904659428,-0.0442330511050138,490.549598485698,0.0056067755896496,6.445382260195261,491.8299865722656,480.3299865722656,True,False,-0.0042090513275637,True,ENTRY TRIGGERED,71.0,holding above VWAP; opening-range breakout; volume 6.4x; near support; enough daily range,486.607243252909,499.992756747091,506.685513494182,,,,,,,,,,,,,,,
2026-09-14T22:00:14.781608+00:00,MSFT,495.6300048828125,494.9345016479492,455.9671997070312,0.0211345052340301,498.9700012207031,492.5799865722656,0.0202059141884378,505.74,497.5,0.0037729659196674,0.0203982709230405,504.0330407440062,0.0033866019050539,12.357067748292517,502.4175109863281,495.3416137695313,True,False,-0.0019340093510069,False,WATCH,67.0,holding above VWAP; opening-range breakout; volume 12.4x; positive 1M trend,501.9990023630296,509.48099763697047,513.2219952739409,,,,,,,,,,,,,,,
2026-09-14T22:00:14.781608+00:00,MU,975.260009765625,960.425503540039,927.5794030761718,0.0447924562242033,993.989990234375,967.3800048828124,-0.049019147813112,922.31,906.75,-0.0702479431942353,-0.0542932235869592,917.646235470624,0.0050823120600327,4.010395624353068,918.6599731445312,902.5999755859376,True,False,-0.0022738641791267,True,WATCH,67.0,holding above VWAP; opening-range breakout; volume 4.0x; near support; enough daily range,908.47535,936.14465,949.9793,,,,,,,,,,,,,,,
2026-09-14T22:00:14.781608+00:00,NFLX,77.4000015258789,79.55199966430663,75.75419952392578,0.0289774762619589,77.56999969482422,76.1500015258789,0.0276355671892321,80.2186,78.97000122070312,0.0202842333833712,0.0364160002397244,80.17005624200551,0.0006055098408306,10.03945610904693,80.30000305175781,78.48999786376953,False,False,-0.0011380595364489,True,WATCH,64.0,holding above VWAP; volume 10.0x; near support; positive 1M trend; enough daily range,79.40501359795634,81.03218640204365,81.8457728040873,,,,,,,,,,,,,,,
2026-09-14T22:00:14.781608+00:00,PLTR,167.22999572753906,175.51849975585938,154.80699905395508,0.0453609264010844,168.61000061035156,165.39999389648438,-0.0041944136732923,173.26,169.6999969482422,0.0147700848161678,0.0360581500120669,171.41567091587822,0.010759396000771,7.824709261836814,170.1999969482422,166.4199981689453,True,False,-0.0024469445523087,False,WATCH,63.0,holding above VWAP; opening-range breakout; volume 7.8x; enough daily range,170.6611,175.85889999999998,178.45779999999996,,,,,,,,,,,,,,,
2026-09-14T22:00:14.781608+00:00,QQQ,714.8800048828125,714.5734985351562,710.3379992675781,0.011041820210182,717.6300048828125,713.6300048828125,-0.0299424329122144,709.4695,703.2899780273438,-0.0162125486463544,-0.0075684098671907,708.1646105799807,0.001842635738251,5.293380335209408,706.739990234375,702.75,True,False,-0.0010429378130992,True,WATCH,60.0,holding above VWAP; opening-range breakout; volume 5.3x; near support,705.2126830000001,713.726317,717.983134,,,,,,,,,,,,,,,
2026-09-14T22:00:14.781608+00:00,ORCL,150.27999877929688,149.09149932861328,140.76960006713867,0.0517747865030007,166.0,149.83999633789062,-0.0380681027350759,144.5526,141.4199981689453,-0.0589566188602614,-0.0381115173397638,144.0896116878596,0.0032131970286892,25.64310572096793,145.3300018310547,141.00999450683594,False,False,0.0061432577594719,False,WATCH,55.0,holding above VWAP; volume 25.6x; 15m momentum; enough daily range,142.38431100000005,146.720889,148.889178,,,,,,,,,,,,,,,
2026-09-14T22:00:14.781608+00:00,XOM,165.99000549316406,162.58000106811522,155.73040069580077,0.0215546459001216,167.08999633789062,164.0800018310547,0.0311055311535664,165.08,168.6999969482422,0.0163262326971229,-0.0054822908792633,165.6043056124317,-0.0031660143768165,29.497989342102407,169.4499969482422,167.8800048828125,False,False,0.0040141213867217,True,WATCH,53.0,volume 29.5x; 15m momentum; near support; positive 1M trend,163.8346156691828,166.32538433081723,167.57076866163445,,,,,,,,,,,,,,,
2026-09-14T22:00:14.781608+00:00,GE,323.6600036621094,340.8720016479492,352.35060119628906,0.0249885718364387,329.8800048828125,322.7699890136719,-0.1379553902237049,317.56,315.20001220703125,-0.0261385137470061,-0.0188469492463998,316.2370183676018,0.0041835128576259,8.181500440990678,315.8399963378906,312.0799865722656,True,False,0.0023990285237256,False,WATCH,52.0,holding above VWAP; opening-range breakout; volume 8.2x,314.7826201946672,320.33737980533283,323.11475961066566,,,,,,,,,,,,,,,
2026-09-14T22:00:14.781608+00:00,AMZN,256.7799987792969,258.5049987792969,255.4701992797852,0.0222953527578631,257.5899963378906,253.13999938964844,-0.0346849450677771,253.71,253.375,-0.013260373843305,-0.0119557550973257,253.6353087659029,0.000294482792875,8.836067033065946,255.1999969482422,250.75,False,True,0.0006310271990395,True,WATCH,50.0,VWAP reclaim; volume 8.8x; near support,251.7302061181309,255.68979388186912,257.66958776373826,,,,,,,,,,,,,,,
2026-09-14T22:00:14.781608+00:00,SPY,764.2899780273438,766.1059936523437,758.9384008789062,0.0075794003914601,766.3800048828125,763.5999755859375,-0.0199139828398084,760.76,759.0,-0.0069214279650733,-0.0046186370733981,761.0057802958394,-0.0003229677122081,4.456187798276448,760.5900268554688,758.4542236328125,True,False,-0.0006436781609195,True,WATCH,50.0,opening-range breakout; volume 4.5x; near support,758.4542236328125,763.80304,766.84608,,,,,,,,,,,,,,,
2026-09-14T22:00:14.781608+00:00,TSLA,365.4400024414063,355.9649993896484,353.8085986328125,0.0382161537539634,368.6600036621094,361.6000061035156,0.0487919266750676,358.75,359.95001220703125,-0.0150229591662047,-0.0183067053325091,361.1014831430167,-0.0065119730956223,3.8762013581576222,367.7300109863281,359.08428955078125,False,False,-0.0019194053519715,True,WATCH,50.0,volume 3.9x; near support; positive 1M trend; enough daily range,353.95148419426795,363.54851580573205,368.3470316114641,,,,,,,,,,,,,,,
2026-09-15T00:40:20.783945+00:00,AMD,503.6000061035156,482.0354995727539,496.5488006591797,0.0372120662167029,521.0599975585938,501.3500061035156,0.0685699974070073,493.3,486.1300048828125,-0.034690232345057,-0.0204527521419418,490.549598485698,0.0056067755896496,6.445382260195261,491.8299865722656,480.3299865722656,True,False,-0.0042090513275637,True,ENTRY TRIGGERED,78.0,holding above VWAP; opening-range breakout; volume 6.4x; near support; positive 1M trend; enough daily range,486.8751507073552,499.7248492926449,506.14969858528974,,,,,,,,,,,,,,,
2026-09-15T00:40:20.783945+00:00,MP,51.31999969482422,56.03749961853028,51.231799926757816,0.0557954430699117,51.7400016784668,50.33000183105469,-0.0925260786920098,50.9998,49.77000045776367,-0.0302026353522536,-0.006239277021206,50.746519440859714,0.004991092235113,4.1752979435026845,50.470001220703125,49.5099983215332,True,True,0.0031431913243999,True,ENTRY TRIGGERED,75.0,VWAP reclaim; opening-range breakout; volume 4.2x; near support; enough daily range,50.234803,51.764797,52.529794,,,,,,,,,,,,,,,
2026-09-15T00:40:20.783945+00:00,CRM,243.0,230.6334991455078,198.6066000366211,0.0499382669402878,250.5500030517578,242.0200042724609,0.2301733486984603,259.15,255.75,0.0524691358024691,0.0664609053497942,257.20801343289924,0.0075502568570142,9.026413462246872,257.489990234375,251.5,True,False,-0.0013487475915222,False,ENTRY TRIGGERED,74.0,holding above VWAP; opening-range breakout; volume 9.0x; positive 1M trend; enough daily range,255.26275,263.03725,266.9245,,,,,,,,,,,,,,,
2026-09-15T00:40:20.783945+00:00,META,644.3800048828125,586.4670013427734,600.902197265625,0.0335627188706917,664.239990234375,646.2000122070312,0.0891810699808002,665.009,657.6199951171875,0.0205468669636681,0.0320137107931197,661.0254626185122,0.0060262994495066,4.439234059918328,663.9000244140625,649.25,True,False,-0.0030746822866013,False,ENTRY TRIGGERED,74.0,holding above VWAP; opening-range breakout; volume 4.4x; positive 1M trend; enough daily range,657.1971714602821,672.8208285397179,680.6326570794358,,,,,,,,,,,,,,,
2026-09-15T00:40:20.783945+00:00,MU,977.4099731445312,962.807000732422,928.6100024414062,0.0415478594268126,993.989990234375,967.3800048828124,0.0267732038556702,922.31,906.75,-0.0722930756652742,-0.0563734509146282,917.646235470624,0.0050823120600327,4.010395624353068,918.6599731445312,902.5999755859376,True,False,-0.0022738641791267,True,ENTRY TRIGGERED,74.0,holding above VWAP; opening-range breakout; volume 4.0x; near support; positive 1M trend; enough daily range,908.8979978202198,935.72200217978,949.1340043595604,,,,,,,,,,,,,,,
2026-09-15T00:40:20.783945+00:00,GOOGL,332.6000061035156,341.0554992675781,347.17919860839845,0.02169273224585,342.9800109863281,335.0299987792969,-0.0226931103013658,348.55,343.20001220703125,0.0318701320174257,0.0479554828736841,346.58754485843804,0.0056622206154681,4.449690606938511,347.2799987792969,342.2799987792969,True,False,-0.0015754972612418,True,ENTRY TRIGGERED,68.0,holding above VWAP; opening-range breakout; volume 4.4x; near support,345.90364936149814,351.1963506385019,353.8427012770037,,,,,,,,,,,,,,,
2026-09-15T00:40:20.783945+00:00,PLTR,165.86000061035156,175.55499954223632,153.92679916381837,0.0457356053318205,168.61000061035156,165.39999389648438,-0.0658063747320377,173.26,169.6999969482422,0.0231520337860831,0.0446159373110877,171.41567091587822,0.010759396000771,7.824709261836814,170.1999969482422,166.4199981689453,True,False,-0.0024469445523087,False,WATCH,63.0,holding above VWAP; opening-range breakout; volume 7.8x; enough daily range,170.6611,175.85889999999998,178.45779999999996,,,,,,,,,,,,,,,
2026-09-15T00:40:20.783945+00:00,MSFT,492.4400024414063,494.434001159668,453.6687994384766,0.0212714135334375,498.9700012207031,492.5799865722656,-0.002515697930519,505.74,497.5,0.0102753584873434,0.0270083614098273,504.0330407440062,0.0033866019050539,12.357067748292517,502.4175109863281,495.3416137695313,True,False,-0.0019340093510069,False,WATCH,60.0,holding above VWAP; opening-range breakout; volume 12.4x,501.9747683618597,509.5052316381403,513.2704632762806,,,,,,,,,,,,,,,
2026-09-15T00:40:20.783945+00:00,QQQ,708.6900024414062,715.6679992675781,710.4063989257812,0.0109437410424209,717.6300048828125,713.6300048828125,-0.0234813641720376,709.4695,703.2899780273438,-0.0076197270957113,0.0010999132990565,708.1646105799807,0.001842635738251,5.293380335209408,706.739990234375,702.75,True,False,-0.0010429378130992,True,WATCH,60.0,holding above VWAP; opening-range breakout; volume 5.3x; near support,705.2126830000001,713.726317,717.983134,,,,,,,,,,,,,,,
2026-09-15T00:40:20.783945+00:00,NFLX,76.01000213623047,79.44399986267089,75.70079956054687,0.0284830912349347,77.56999969482422,76.1500015258789,-0.010736149806052,80.2186,78.97000122070312,0.0389422313022376,0.0553690007300169,80.17005624200551,0.0006055098408306,10.03945610904693,80.30000305175781,78.48999786376953,False,False,-0.0011380595364489,True,WATCH,57.0,holding above VWAP; volume 10.0x; near support; enough daily range,79.41889420411144,81.01830579588855,81.81801159177711,,,,,,,,,,,,,,,
2026-09-15T00:40:20.783945+00:00,ORCL,152.94000244140625,149.37799987792968,140.67920028686524,0.0485577980252768,166.0,149.83999633789062,-0.0380233158045772,144.5526,141.4199981689453,-0.0753236830689501,-0.0548411292501422,144.0896116878596,0.0032131970286892,25.64310572096793,145.3300018310547,141.00999450683594,False,False,0.0061432577594719,False,WATCH,55.0,holding above VWAP; volume 25.6x; 15m momentum; enough daily range,142.38431100000005,146.720889,148.889178,,,,,,,,,,,,,,,
2026-09-15T00:40:20.783945+00:00,XOM,165.22999572753906,162.33100128173828,155.1706005859375,0.021653790981537,167.08999633789062,164.0800018310547,0.046529253227497,165.08,168.6999969482422,0.0210010367997894,-0.0009077996212406,165.6043056124317,-0.0031660143768165,29.497989342102407,169.4499969482422,167.8800048828125,False,False,0.0040141213867217,True,WATCH,53.0,volume 29.5x; 15m momentum; near support; positive 1M trend,163.82888726466877,166.33111273533126,167.5822254706625,,,,,,,,,,,,,,,
2026-09-15T00:40:20.783945+00:00,GE,324.1499938964844,343.41300201416016,353.54980102539065,0.023804942014583,329.8800048828125,322.7699890136719,-0.102539955313548,317.56,315.20001220703125,-0.0276106181026529,-0.0203300756457482,316.2370183676018,0.0041835128576259,8.181500440990678,315.8399963378906,312.0799865722656,True,False,0.0023990285237256,False,WATCH,52.0,holding above VWAP; opening-range breakout; volume 8.2x,314.91417591484714,320.20582408515287,322.85164817030574,,,,,,,,,,,,,,,
2026-09-15T00:40:20.783945+00:00,SNDK,1692.5899658203125,1602.1279907226562,1517.8715942382812,0.0555639472824811,1720.699951171875,1616.802001953125,0.0688693819444961,1546.5,1521.5250244140625,-0.1010669712456575,-0.0863114923108445,1544.491164614246,0.0013006454370074,2.060940803631183,1550.0,1505.0,False,False,-0.004092997442417,False,WATCH,52.0,holding above VWAP; volume 2.1x; positive 1M trend; enough daily range,1523.3025,1569.6975,1592.895,,,,,,,,,,,,,,,
2026-09-15T00:40:20.783945+00:00,AMZN,251.88999938964844,258.96049880981445,255.25279937744145,0.0224928136194421,257.5899963378906,253.13999938964844,-0.0314940065241062,253.71,253.375,0.005895432982452,0.0072253785968541,253.6353087659029,0.000294482792875,8.836067033065946,255.1999969482422,250.75,False,True,0.0006310271990395,True,WATCH,50.0,VWAP reclaim; volume 8.8x; near support,251.712671889814,255.70732811018604,257.70465622037204,,,,,,,,,,,,,,,
2026-09-15T00:40:20.783945+00:00,SPY,757.8300170898438,766.8789947509765,758.6164013671874,0.0075714376493667,766.3800048828125,763.5999755859375,-0.0174705954262394,760.76,759.0,0.0015438592874021,0.0038662798306772,761.0057802958394,-0.0003229677122081,4.456187798276448,760.5900268554688,758.4542236328125,True,False,-0.0006436781609195,True,WATCH,50.0,opening-range breakout; volume 4.5x; near support,758.4542236328125,763.80304,766.84608,,,,,,,,,,,,,,,
2026-09-15T00:40:20.783945+00:00,TSLA,363.55999755859375,355.1299987792969,354.4981988525391,0.0384137732834557,368.6600036621094,361.6000061035156,0.0749500283173616,358.75,359.95001220703125,-0.0099295449879099,-0.0132302717320228,361.1014831430167,-0.0065119730956223,3.8762013581576222,367.7300109863281,359.08428955078125,False,False,-0.0019194053519715,True,WATCH,50.0,volume 3.9x; near support; positive 1M trend; enough daily range,353.92667059209606,363.573329407904,368.3966588158079,,,,,,,,,,,,,,,
2026-09-15T17:35:36.011581+00:00,PLTR,173.30999755859375,175.68924942016602,155.67549911499023,0.0435511984784905,174.36000061035156,166.4199981689453,0.0197913255620658,175.96499633789062,170.23500061035156,-0.0177427557068805,0.0153193630875174,172.8505738579487,0.0180180048606688,0.6536982938070041,173.16990661621094,169.4499969482422,True,False,0.000312618240216,True,WATCH,48.0,opening-range breakout; near support; positive 1M trend; enough daily range,173.32552139282225,178.604471282959,181.24394622802737,,,,,,,,,,,,,,,
2026-09-15T21:05:31.280991+00:00,XOM,165.0800018310547,162.9730010986328,156.38800079345702,0.0220953419191596,169.4499969482422,164.0399932861328,0.0486807895671697,169.29,165.36000061035156,0.0016961399090813,0.0255027751529459,168.94850844812547,0.002021275920168,27.60356387707805,167.8300018310547,165.14999389648438,True,False,0.0024871492565687,False,WATCH,67.0,holding above VWAP; opening-range breakout; volume 27.6x; positive 1M trend,167.9808178482769,170.59918215172308,171.90836430344618,,,,,,,,,,,,,,,
2026-09-15T21:05:31.280991+00:00,CVX,212.1699981689453,207.83100128173828,196.59500030517577,0.0211555362012331,217.6499938964844,211.2700042724609,0.0743463618702804,217.65,212.884994506836,0.0033699219685212,0.0258283540479229,216.63962718233336,0.0046638411947423,12.067477925622349,215.65969848632807,212.7400054931641,True,False,0.0026257516313683,False,WATCH,67.0,holding above VWAP; opening-range breakout; volume 12.1x; positive 1M trend,216.03842414103056,219.26157585896945,220.8731517179389,,,,,,,,,,,,,,,
2026-09-15T21:05:31.280991+00:00,JPM,350.1300048828125,355.6790008544922,352.3471997070312,0.0179154471431335,355.2799987792969,347.54998779296875,-0.0234652078380194,352.49,351.0,0.0024847773828429,0.006740339543243,350.3891417904555,0.0059957857107366,22.983989303237244,351.72509765625,348.239990234375,True,False,-0.0026314679203206,True,WATCH,64.0,holding above VWAP; opening-range breakout; volume 23.0x; near support,350.27974441278093,354.7002555872191,356.91051117443817,,,,,,,,,,,,,,,
2026-09-15T21:05:31.280991+00:00,META,665.5999755859375,595.318002319336,603.9551965332031,0.0337922847482974,668.5999755859375,649.219970703125,0.1779883381298699,670.5217,659.2999877929688,-0.0094651262380572,0.0073944179606224,669.3597705378364,0.0017358818281385,4.957011501702104,678.8699951171875,656.2000122070312,False,False,-0.0007277235190508,False,WATCH,56.0,holding above VWAP; volume 5.0x; positive 1M trend; enough daily range,662.5912389242907,678.4521610757093,686.3826221514187,,,,,,,,,,,,,,,
2026-09-15T21:05:31.280991+00:00,GOOGL,349.3900146484375,341.2790008544922,346.53919921875,0.0218605588572358,349.9100036621094,342.1400146484375,0.0028488691463026,345.2437,346.7799987792969,-0.0074702073892033,-0.0118672957857985,344.6957437237351,0.0015896810048923,2.1550435577328004,348.07000732421875,344.7099914550781,False,False,0.0005033548905861,True,WATCH,53.0,holding above VWAP; volume 2.2x; near support; positive 1M trend,344.7099914550781,346.6246748,348.0056496,,,,,,,,,,,,,,,
2026-09-15T21:05:31.280991+00:00,SPY,760.8800048828125,765.3419952392578,759.0606005859376,0.0077072388981062,763.52001953125,757.9299926757812,-0.0197755427280464,757.92,760.1170043945312,-0.0010027868827999,-0.0038902387548854,757.5110141745328,0.0005399074308021,3.3635567483599256,760.3400268554688,758.72998046875,False,True,0.0012351825551772,True,WATCH,50.0,VWAP reclaim; volume 3.4x; near support,753.37248,762.4675199999999,767.0150399999999,,,,,,,,,,,,,,,
2026-09-15T21:05:31.280991+00:00,CAT,784.0,808.6970001220703,848.8661999511719,0.0268012066276706,794.5599975585938,772.8599853515625,-0.1112800359211944,783.92,789.489990234375,0.0070025385642538,-0.0001020408163265,782.6407661390981,0.0016345096195442,14.343298905956754,791.2000122070312,781.9500122070312,False,True,0.0021092211481383,False,WATCH,49.0,VWAP reclaim; volume 14.3x; enough daily range,781.9500122070312,787.0556799999999,790.1913599999999,,,,,,,,,,,,,,,
2026-09-15T21:05:31.280991+00:00,GS,988.4500122070312,1025.131509399414,1042.3492028808594,0.025288515852411,1013.6900024414062,978.9299926757812,-0.0709972049382211,976.9,984.6500244140624,-0.0038443904558046,-0.0116849735084145,969.24324214333,0.0078997278740249,7.856424275635349,988.280029296875,971.97998046875,False,False,0.0027406460330499,True,WATCH,49.0,holding above VWAP; volume 7.9x; near support; enough daily range,971.97998046875,981.82001953125,986.7400390625,,,,,,,,,,,,,,,
2026-09-15T21:05:31.280991+00:00,AAPL,333.0799865722656,319.27099761962893,318.83679931640626,0.0234456804665882,335.5,331.3399963378906,0.0842632295185743,331.5,330.260009765625,-0.008466365198525,-0.004743565017296,330.22128668177606,0.0038722922167528,1.935150367476993,331.5899963378906,328.3500061035156,False,False,-0.0001960473539958,True,WATCH,49.0,holding above VWAP; volume 1.9x; near support; positive 1M trend,328.7797149238641,334.2202850761359,336.9405701522718,,,,,,,,,,,,,,,
2026-09-15T23:37:49.607102+00:00,XOM,165.0800018310547,162.9730010986328,156.38800079345702,0.0220953419191596,169.4499969482422,164.0399932861328,0.0486807895671697,169.29,165.36000061035156,0.0016961399090813,0.0255027751529459,168.94850844812547,0.002021275920168,27.60356387707805,167.8300018310547,165.14999389648438,True,False,0.0024871492565687,False,WATCH,67.0,holding above VWAP; opening-range breakout; volume 27.6x; positive 1M trend,167.9808178482769,170.59918215172308,171.90836430344618,,,,,,,,,,,,,,,
2026-09-15T23:37:49.607102+00:00,CVX,212.1699981689453,207.83100128173828,196.59500030517577,0.0211555362012331,217.6499938964844,211.2700042724609,0.0743463618702804,217.65,212.884994506836,0.0033699219685212,0.0258283540479229,216.63962718233336,0.0046638411947423,12.067477925622349,215.65969848632807,212.7400054931641,True,False,0.0026257516313683,False,WATCH,67.0,holding above VWAP; opening-range breakout; volume 12.1x; positive 1M trend,216.03842414103056,219.26157585896945,220.8731517179389,,,,,,,,,,,,,,,
2026-09-15T23:37:49.607102+00:00,JPM,350.1300048828125,355.6790008544922,352.3471997070312,0.0179154471431335,355.2799987792969,347.54998779296875,-0.0234652078380194,352.49,351.0,0.0024847773828429,0.006740339543243,350.3891417904555,0.0059957857107366,22.983989303237244,351.72509765625,348.239990234375,True,False,-0.0026314679203206,True,WATCH,64.0,holding above VWAP; opening-range breakout; volume 23.0x; near support,350.27974441278093,354.7002555872191,356.91051117443817,,,,,,,,,,,,,,,
2026-09-15T23:37:49.607102+00:00,META,665.5999755859375,595.318002319336,603.9551965332031,0.0337922847482974,668.5999755859375,649.219970703125,0.1779883381298699,670.5217,659.2999877929688,-0.0094651262380572,0.0073944179606224,669.3597705378364,0.0017358818281385,4.957011501702104,678.8699951171875,656.2000122070312,False,False,-0.0007277235190508,False,WATCH,56.0,holding above VWAP; volume 5.0x; positive 1M trend; enough daily range,662.5912389242907,678.4521610757093,686.3826221514187,,,,,,,,,,,,,,,
2026-09-15T23:37:49.607102+00:00,GOOGL,349.3900146484375,341.2790008544922,346.53919921875,0.0218605588572358,349.9100036621094,342.1400146484375,0.0028488691463026,345.2437,346.7799987792969,-0.0074702073892033,-0.0118672957857985,344.6957437237351,0.0015896810048923,2.1550435577328004,348.07000732421875,344.7099914550781,False,False,0.0005033548905861,True,WATCH,53.0,holding above VWAP; volume 2.2x; near support; positive 1M trend,344.7099914550781,346.6246748,348.0056496,,,,,,,,,,,,,,,
2026-09-15T23:37:49.607102+00:00,SPY,760.8800048828125,765.3419952392578,759.0606005859376,0.0077072388981062,763.52001953125,757.9299926757812,-0.0197755427280464,757.92,760.1170043945312,-0.0010027868827999,-0.0038902387548854,757.5110141745328,0.0005399074308021,3.3635567483599256,760.3400268554688,758.72998046875,False,True,0.0012351825551772,True,WATCH,50.0,VWAP reclaim; volume 3.4x; near support,753.37248,762.4675199999999,767.0150399999999,,,,,,,,,,,,,,,
2026-09-15T23:37:49.607102+00:00,CAT,784.0,808.6970001220703,848.8661999511719,0.0268012066276706,794.5599975585938,772.8599853515625,-0.1112800359211944,783.92,789.489990234375,0.0070025385642538,-0.0001020408163265,782.6407661390981,0.0016345096195442,14.343298905956754,791.2000122070312,781.9500122070312,False,True,0.0021092211481383,False,WATCH,49.0,VWAP reclaim; volume 14.3x; enough daily range,781.9500122070312,787.0556799999999,790.1913599999999,,,,,,,,,,,,,,,
2026-09-15T23:37:49.607102+00:00,GS,988.4500122070312,1025.131509399414,1042.3492028808594,0.025288515852411,1013.6900024414062,978.9299926757812,-0.0709972049382211,976.9,984.6500244140624,-0.0038443904558046,-0.0116849735084145,969.24324214333,0.0078997278740249,7.856424275635349,988.280029296875,971.97998046875,False,False,0.0027406460330499,True,WATCH,49.0,holding above VWAP; volume 7.9x; near support; enough daily range,971.97998046875,981.82001953125,986.7400390625,,,,,,,,,,,,,,,
2026-09-15T23:37:49.607102+00:00,AAPL,333.0799865722656,319.27099761962893,318.83679931640626,0.0234456804665882,335.5,331.3399963378906,0.0842632295185743,331.5,330.260009765625,-0.008466365198525,-0.004743565017296,330.22128668177606,0.0038722922167528,1.935150367476993,331.5899963378906,328.3500061035156,False,False,-0.0001960473539958,True,WATCH,49.0,holding above VWAP; volume 1.9x; near support; positive 1M trend,328.7797149238641,334.2202850761359,336.9405701522718,,,,,,,,,,,,,,,
2026-09-16T00:23:40.022162+00:00,XOM,165.99000549316406,162.58000106811522,155.73040069580077,0.0219440901902836,169.4499969482422,164.0399932861328,0.0311055311535664,169.29,165.36000061035156,-0.0037954386527112,0.0198806819545038,168.94850844812547,0.002021275920168,27.60356387707805,167.8300018310547,165.14999389648438,True,False,0.0024871492565687,False,WATCH,67.0,holding above VWAP; opening-range breakout; volume 27.6x; positive 1M trend,167.9897797400904,170.5902202599096,171.89044051981918,,,,,,,,,,,,,,,
2026-09-16T00:23:40.022162+00:00,CVX,214.0599975585937,207.0775009155273,195.60160034179688,0.0207785448889787,217.6499938964844,211.2700042724609,0.0608499908447266,217.65,212.884994506836,-0.0054891295205036,0.0167710103819074,216.63962718233336,0.0046638411947423,12.067477925622349,215.65969848632807,212.7400054931641,True,False,0.0026257516313683,False,WATCH,67.0,holding above VWAP; opening-range breakout; volume 12.1x; positive 1M trend,216.06714239671985,219.2328576032802,220.8157152065604,,,,,,,,,,,,,,,
2026-09-16T00:23:40.022162+00:00,JPM,356.2300109863281,356.10250091552734,352.05179992675784,0.0176086668788382,355.2799987792969,347.54998779296875,-0.0350291907820495,352.49,351.0,-0.0146815563681659,-0.0104988655390734,350.3891417904555,0.0059957857107366,22.983989303237244,351.72509765625,348.239990234375,True,False,-0.0026314679203206,True,WATCH,64.0,holding above VWAP; opening-range breakout; volume 23.0x; near support,350.3175923541574,354.6624076458426,356.83481529168523,,,,,,,,,,,,,,,
2026-09-16T00:23:40.022162+00:00,META,648.030029296875,590.2545013427734,602.5561962890625,0.0347084901726918,668.5999755859375,649.219970703125,0.1284224856070435,670.5217,659.2999877929688,0.0173911053293653,0.0347077599591008,669.3597705378364,0.0017358818281385,4.957011501702104,678.8699951171875,656.2000122070312,False,False,-0.0007277235190508,False,WATCH,56.0,holding above VWAP; volume 5.0x; positive 1M trend; enough daily range,662.3762214577407,678.6671785422593,686.8126570845186,,,,,,,,,,,,,,,
2026-09-16T00:23:40.022162+00:00,GOOGL,338.5,341.2300003051758,346.968798828125,0.0222853020440427,349.9100036621094,342.1400146484375,0.010089681449944,345.2437,346.7799987792969,0.0244608531146142,0.019922304283604,344.6957437237351,0.0015896810048923,2.1550435577328004,348.07000732421875,344.7099914550781,False,False,0.0005033548905861,True,WATCH,53.0,holding above VWAP; volume 2.2x; near support; positive 1M trend,344.7099914550781,346.6246748,348.0056496,,,,,,,,,,,,,,,
2026-09-16T00:23:40.022162+00:00,SPY,764.2899780273438,766.1059936523437,758.9384008789062,0.0076223871551534,763.52001953125,757.9299926757812,-0.0199139828398084,757.92,760.1170043945312,-0.005459935041387,-0.0083345041940559,757.5110141745328,0.0005399074308021,3.3635567483599256,760.3400268554688,758.72998046875,False,True,0.0012351825551772,True,WATCH,50.0,VWAP reclaim; volume 3.4x; near support,753.37248,762.4675199999999,767.0150399999999,,,,,,,,,,,,,,,
2026-09-16T00:23:40.022162+00:00,CAT,818.5700073242188,813.6025024414063,852.5938000488281,0.0256693328708429,794.5599975585938,772.8599853515625,-0.0847216301104393,783.92,789.489990234375,-0.0355253879688335,-0.042329925374965,782.6407661390981,0.0016345096195442,14.343298905956754,791.2000122070312,781.9500122070312,False,True,0.0021092211481383,False,WATCH,49.0,VWAP reclaim; volume 14.3x; enough daily range,781.9500122070312,787.0556799999999,790.1913599999999,,,,,,,,,,,,,,,
2026-09-16T00:23:40.022162+00:00,AAPL,332.2699890136719,317.9834976196289,318.4631994628906,0.0232190782570321,335.5,331.3399963378906,0.0887457736948904,331.5,330.260009765625,-0.0060492350031774,-0.0023173594941798,330.22128668177606,0.0038722922167528,1.935150367476993,331.5899963378906,328.3500061035156,False,False,-0.0001960473539958,True,WATCH,49.0,holding above VWAP; volume 1.9x; near support; positive 1M trend,328.80600644522787,334.19399355477213,336.88798710954427,,,,,,,,,,,,,,,
2026-09-16T17:35:20.629334+00:00,NVDA,212.1699981689453,218.5900001525879,213.60699951171875,0.0355745572298909,213.94000244140625,211.1600036621093,-0.0200691888225449,215.3300018310547,214.13999938964844,0.0092850131390134,0.0148937346909583,215.0884851663538,0.0011228711965407,0.3374941084839983,215.1499938964844,213.3099975585937,True,False,-0.0005105858202052,True,WATCH,51.0,holding above VWAP; opening-range breakout; near support; enough daily range,213.3099975585937,217.3500061035156,219.37001037597656,,,,,,,,,,,,,,,
2026-09-16T17:35:20.629334+00:00,NBIS,207.3699951171875,217.92050018310547,211.9420001220703,0.0673434113237059,216.5599975585937,206.8470001220703,-0.1249848597527882,217.3800048828125,212.08999633789065,0.0227612544333417,0.0482712542861767,215.8066018097805,0.0072908013927157,0.2252639816269073,215.87989807128903,210.8999938964844,True,False,0.0005062853048671,True,WATCH,51.0,holding above VWAP; opening-range breakout; near support; enough daily range,214.1193048095703,220.6407049560547,223.90140502929688,,,,,,,,,,,,,,,
2026-09-16T17:35:20.629334+00:00,PLTR,172.55999755859375,175.59899978637696,156.38279922485353,0.0415259261725829,176.58999633789062,169.4499969482422,0.0093273065532115,173.1199951171875,170.38999938964844,-0.0125753256817732,0.0032452339274262,171.3596869791227,0.0102725919327761,0.6038558714603682,172.22999572753906,169.3000030517578,True,False,0.0005860332533522,False,WATCH,50.0,holding above VWAP; opening-range breakout; positive 1M trend; enough daily range,170.6038562695055,175.6361339648695,178.15227281255147,,,,,,,,,,,,,,,
2026-09-16T21:07:07.433940+00:00,PLTR,172.55999755859375,175.65899963378905,156.40679916381836,0.0421737792071685,176.58999633789062,169.4499969482422,0.0163227419922264,174.6,170.38999938964844,-0.0125753256817732,0.0118219892806474,172.282286492866,0.0134529994598717,4.225418186828503,172.22999572753906,169.3000030517578,True,False,0.0012615845339341,True,WATCH,64.0,opening-range breakout; volume 4.2x; near support; positive 1M trend; enough daily range,172.02276035264993,177.17723964735006,179.75447929470013,,,,,,,,,,,,,,,
2026-09-16T21:07:07.433940+00:00,TSLA,356.5799865722656,357.8894989013672,351.6483984375,0.0393757784103366,362.3900146484375,354.04998779296875,0.0629619490085477,358.11,357.7099914550781,0.0031690081478632,0.0042908000598747,360.2314375410168,-0.00588909606418,3.1616147226039977,361.2999877929688,354.89129638671875,False,False,-8.380702297938747e-05,True,WATCH,50.0,volume 3.2x; near support; positive 1M trend; enough daily range,354.89129638671875,361.3287036132813,364.54740722656254,,,,,,,,,,,,,,,
2026-09-16T21:07:07.433940+00:00,MP,49.16999816894531,54.7834997177124,51.07239990234375,0.0512841950122878,51.18000030517578,48.880001068115234,-0.1355213823650181,49.14,49.560001373291016,0.0079317311138731,-0.0006100909103604,48.91041797612941,0.0046939288881693,4.407130061412823,49.70000076293945,48.59999847412109,False,False,0.0037789431524024,True,WATCH,49.0,holding above VWAP; volume 4.4x; near support; enough daily range,48.59999847412109,49.68000152587891,50.22000305175781,,,,,,,,,,,,,,,
2026-09-16T21:07:07.433940+00:00,MU,927.5999755859376,955.5075012207031,926.1998022460938,0.0463985449922228,944.9400024414062,920.1300048828124,-0.015104832077414,928.32,935.22998046875,0.0082255337253462,0.0007762229765129,928.6693361585048,-0.0003761685078887,2.113351219443,939.2100219726562,922.7100219726562,False,False,0.0040016492206007,True,WATCH,49.0,volume 2.1x; 15m momentum; near support; enough daily range,922.7100219726562,933.929978027344,939.5399560546877,,,,,,,,,,,,,,,
2026-09-16T23:46:09.844110+00:00,PLTR,172.55999755859375,175.65899963378905,156.40679916381836,0.0421737792071685,176.58999633789062,169.4499969482422,0.0163227419922264,174.6,170.38999938964844,-0.0125753256817732,0.0118219892806474,172.282286492866,0.0134529994598717,4.225418186828503,172.22999572753906,169.3000030517578,True,False,0.0012615845339341,True,WATCH,64.0,opening-range breakout; volume 4.2x; near support; positive 1M trend; enough daily range,172.02276035264993,177.17723964735006,179.75447929470013,,,,,,,,,,,,,,,
2026-09-16T23:46:09.844110+00:00,TSLA,356.5799865722656,357.8894989013672,351.6483984375,0.0393757784103366,362.3900146484375,354.04998779296875,0.0629619490085477,358.11,357.7099914550781,0.0031690081478632,0.0042908000598747,360.2314375410168,-0.00588909606418,3.1616147226039977,361.2999877929688,354.89129638671875,False,False,-8.380702297938747e-05,True,WATCH,50.0,volume 3.2x; near support; positive 1M trend; enough daily range,354.89129638671875,361.3287036132813,364.54740722656254,,,,,,,,,,,,,,,
2026-09-16T23:46:09.844110+00:00,MP,49.16999816894531,54.7834997177124,51.07239990234375,0.0512841950122878,51.18000030517578,48.880001068115234,-0.1355213823650181,49.14,49.560001373291016,0.0079317311138731,-0.0006100909103604,48.91041797612941,0.0046939288881693,4.407130061412823,49.70000076293945,48.59999847412109,False,False,0.0037789431524024,True,WATCH,49.0,holding above VWAP; volume 4.4x; near support; enough daily range,48.59999847412109,49.68000152587891,50.22000305175781,,,,,,,,,,,,,,,
2026-09-16T23:46:09.844110+00:00,MU,927.5999755859376,955.5075012207031,926.1998022460938,0.0463985449922228,944.9400024414062,920.1300048828124,-0.015104832077414,928.32,935.22998046875,0.0082255337253462,0.0007762229765129,928.6693361585048,-0.0003761685078887,2.113351219443,939.2100219726562,922.7100219726562,False,False,0.0040016492206007,True,WATCH,49.0,volume 2.1x; 15m momentum; near support; enough daily range,922.7100219726562,933.929978027344,939.5399560546877,,,,,,,,,,,,,,,
2026-09-17T00:34:50.517571+00:00,PLTR,173.30999755859375,175.51899948120118,155.6073991394043,0.041991271937819,176.58999633789062,169.4499969482422,5.792237994306504e-05,174.6,170.38999938964844,-0.0168484115750916,0.0074433238680884,172.282286492866,0.0134529994598717,4.225418186828503,172.22999572753906,169.3000030517578,True,False,0.0012615845339341,True,WATCH,64.0,opening-range breakout; volume 4.2x; near support; positive 1M trend; enough daily range,172.03391337187986,177.16608662812013,179.73217325624026,,,,,,,,,,,,,,,
2026-09-17T00:34:50.517571+00:00,TSLA,358.9700012207031,356.8289993286133,352.5447985839844,0.039113615313492,362.3900146484375,354.04998779296875,0.0509283801974098,358.11,357.7099914550781,-0.0035100698145812,-0.0023957467693083,360.2314375410168,-0.00588909606418,3.1616147226039977,361.2999877929688,354.89129638671875,False,False,-8.380702297938747e-05,True,WATCH,50.0,volume 3.2x; near support; positive 1M trend; enough daily range,354.89129638671875,361.3287036132813,364.54740722656254,,,,,,,,,,,,,,,
2026-09-17T00:34:50.517571+00:00,MP,50.68000030517578,55.16749954223633,51.10239990234375,0.0497561909957703,51.18000030517578,48.880001068115234,-0.1596308395235507,49.14,49.560001373291016,-0.0220994263050622,-0.0303867461701358,48.91041797612941,0.0046939288881693,4.407130061412823,49.70000076293945,48.59999847412109,False,False,0.0037789431524024,True,WATCH,49.0,holding above VWAP; volume 4.4x; near support; enough daily range,48.59999847412109,49.68000152587891,50.22000305175781,,,,,,,,,,,,,,,
2026-09-17T00:34:50.517571+00:00,MU,924.030029296875,956.218002319336,926.4364025878906,0.046577803575019,944.9400024414062,920.1300048828124,-0.0831727446642575,928.32,935.22998046875,0.01212076536127,0.0046426745528924,928.6693361585048,-0.0003761685078887,2.113351219443,939.2100219726562,922.7100219726562,False,False,0.0040016492206007,True,WATCH,49.0,volume 2.1x; 15m momentum; near support; enough daily range,922.7100219726562,933.929978027344,939.5399560546877,,,,,,,,,,,,,,,
2026-09-17T17:34:45.217741+00:00,NVDA,213.8999938964844,218.60199966430665,213.8805993652344,0.0303312491305914,216.759994506836,212.5,0.0076760350601472,219.22999572753903,218.38800048828125,0.020981798596819,0.0249181953396133,218.6235541433291,0.0027739078096424,0.4258862729134586,219.19000244140625,217.1450042724609,True,False,0.0018965485981425,True,WATCH,62.0,holding above VWAP; opening-range breakout; near support; positive 1M trend; enough daily range,217.1450042724609,221.3149871826172,223.3999786376953,,,,,,,,,,,,,,,
2026-09-17T17:34:45.217741+00:00,QQQ,704.719970703125,712.6864959716797,709.9785986328125,0.0119581543473977,711.8800048828125,700.0,0.0005306737707286,716.4600219726562,716.0499877929688,0.0160773322182701,0.0166591720933035,715.4947803527906,0.0013490547329915,0.3118888672936431,716.3699951171875,713.3200073242188,True,False,0.0002775405054049,True,WATCH,55.0,holding above VWAP; opening-range breakout; near support; positive 1M trend,713.3200073242188,719.6000366210938,722.7400512695312,,,,,,,,,,,,,,,
2026-09-17T17:34:45.217741+00:00,ORCL,143.16000366210938,149.08875045776367,140.9165000915527,0.0564203882461221,146.52000427246094,139.0,0.0408525144269353,149.68499755859375,146.75,0.0250768108833234,0.0455783300473005,149.81831848628292,-0.000889884021101,0.2654115495750996,149.66000366210938,146.14999389648438,True,False,0.0008022940877128,True,WATCH,48.0,opening-range breakout; near support; positive 1M trend; enough daily range,147.43972259521485,151.93027252197265,154.17554748535156,,,,,,,,,,,,,,,
2026-09-17T21:10:13.776253+00:00,ORCL,143.16000366210938,149.1340003967285,140.93460006713866,0.0564203882461221,146.52000427246094,139.0,0.0471455315652475,150.5,146.75,0.0250768108833234,0.0512712779416708,150.1817952363635,0.0021187971760203,22.027072040878505,149.66000366210938,146.14999389648438,True,False,0.0006649342258913,True,ENTRY TRIGGERED,82.0,holding above VWAP; opening-range breakout; volume 22.0x; near support; positive 1M trend; enough daily range,148.2425,152.7575,155.015,,,,,,,,,,,,,,,
2026-09-17T21:10:13.776253+00:00,CVX,211.5399932861328,208.4115013122559,198.05760040283204,0.0221133430735489,215.27999877929688,210.3699951171875,0.0282368437621132,211.69,209.6100006103516,-0.0091235356766353,0.0007091175126601,211.45218394856727,0.0011246800434587,24.862933863469348,211.5399932861328,209.1699981689453,True,False,0.0015613142917083,True,ENTRY TRIGGERED,75.0,holding above VWAP; opening-range breakout; volume 24.9x; near support; positive 1M trend,210.0515892416661,213.32841075833383,214.9668215166677,,,,,,,,,,,,,,,
2026-09-17T21:10:13.776253+00:00,QQQ,704.719970703125,712.7094940185547,709.9877978515625,0.0120473617113877,711.8800048828125,700.0,0.0011730055304799,716.7268,716.0499877929688,0.0160773322182701,0.0170377310080986,716.0960077546229,0.0008808766402079,4.67545309774448,716.3699951171875,713.3200073242188,True,False,-0.0010344616236886,True,ENTRY TRIGGERED,75.0,holding above VWAP; opening-range breakout; volume 4.7x; near support; positive 1M trend,713.3200073242188,720.1335926757813,723.5403853515626,,,,,,,,,,,,,,,
2026-09-17T21:10:13.776253+00:00,META,673.3099975585938,608.6140014648438,606.6935961914063,0.0311764699712098,685.3099975585938,671.9099731445312,0.2495832847090973,682.26,679.625,0.0093790415474361,0.0132925435146644,677.6043220147723,0.0068707914544945,6.9903544810769,681.6599731445312,667.0499877929688,True,False,-0.0002784265567183,False,ENTRY TRIGGERED,74.0,holding above VWAP; opening-range breakout; volume 7.0x; positive 1M trend; enough daily range,674.8153395591048,689.7046604408952,697.1493208817903,,,,,,,,,,,,,,,
2026-09-17T21:10:13.776253+00:00,AMD,512.5,486.2354995727539,495.58500244140623,0.042880821095111,527.25,506.0499877929688,0.1686677483017638,545.2,533.9000244140625,0.0417561451981707,0.0638048780487805,542.2542824669612,0.0054323545765972,6.694788324162884,540.2000122070312,527.6500244140625,True,False,0.0032848229158792,False,ENTRY TRIGGERED,74.0,holding above VWAP; opening-range breakout; volume 6.7x; positive 1M trend; enough daily range,537.022,553.378,561.556,,,,,,,,,,,,,,,
2026-09-17T21:10:13.776253+00:00,XOM,163.32000732421875,162.78600158691407,157.26340087890625,0.0237701502521642,167.5,162.55999755859375,-0.0091035987200657,163.31,161.8300018310547,-0.0091232269553241,-6.127433119007542e-05,163.06443124460176,0.0015059614995367,26.049783235424872,163.2449951171875,161.8300018310547,True,False,0.0006126663931098,True,ENTRY TRIGGERED,68.0,holding above VWAP; opening-range breakout; volume 26.0x; near support,161.95133386681167,164.66866613318834,166.02733226637667,,,,,,,,,,,,,,,
2026-09-17T21:10:13.776253+00:00,AAPL,332.4100036621094,321.39849853515625,319.7439990234375,0.0235566041609809,335.4800109863281,330.70001220703125,0.0636619457834488,336.92,334.7550048828125,0.0070545446733509,0.0135675710363849,335.33767185709974,0.0047186113452071,11.646656832267697,335.5799865722656,330.1936950683594,True,False,-0.0015853568432927,False,WATCH,67.0,holding above VWAP; opening-range breakout; volume 11.6x; positive 1M trend,334.1421581241288,339.69784187587123,342.47568375174245,,,,,,,,,,,,,,,
2026-09-17T21:10:13.776253+00:00,NVDA,213.8999938964844,218.6074996948242,213.88279937744144,0.0303412667557009,216.759994506836,212.5,0.0081816455197261,219.0185,218.38800048828125,0.020981798596819,0.0239294354818573,218.89466361243296,0.0005657350687464,7.387127703442716,219.19000244140625,217.1450042724609,False,False,-0.0026480240772012,True,WATCH,64.0,holding above VWAP; volume 7.4x; near support; positive 1M trend; enough daily range,217.1450042724609,220.89199572753904,222.7654914550781,,,,,,,,,,,,,,,
2026-09-17T21:10:13.776253+00:00,RGTI,14.789999961853027,15.68875012397766,15.977700119018555,0.0555539425064913,15.31999969482422,14.40999984741211,-0.0594117781695198,15.99,15.32900047302246,0.0364435775902396,0.0811359054254268,15.868011601969274,0.0076876927677307,6.698639711140583,15.800000190734863,15.300000190734863,True,False,0.0009389432345598,True,WATCH,60.0,holding above VWAP; opening-range breakout; volume 6.7x; near support; enough daily range; already >7% up,15.75015,16.22985,16.469700000000003,,,,,,,,,,,,,,,
2026-09-17T21:10:13.776253+00:00,NVO,41.709999084472656,45.32649955749512,47.01459976196289,0.0282391865539738,42.720001220703125,41.470001220703125,-0.0707831529244685,43.19,41.97999954223633,0.006473278918488,0.035483120307195,43.06229813092812,0.0029655144898121,44.82879255678743,42.73500061035156,41.959999084472656,True,False,-0.0012717986644281,False,WATCH,59.0,holding above VWAP; opening-range breakout; volume 44.8x; enough daily range,42.76312233645685,43.61687766354314,44.04375532708629,,,,,,,,,,,,,,,
2026-09-17T21:10:13.776253+00:00,GS,937.97998046875,1016.4980072021484,1038.685802001953,0.0300706953902544,984.6599731445312,932.3699951171876,-0.068692851792557,951.47,940.0999755859376,0.0022601709645531,0.0143819908869573,944.4599256399864,0.0074223100098855,8.598775846226953,940.0999755859376,922.0,True,False,0.0003679923507122,False,WATCH,59.0,holding above VWAP; opening-range breakout; volume 8.6x; enough daily range,941.456022409962,961.483977590038,971.497955180076,,,,,,,,,,,,,,,
2026-09-17T21:10:13.776253+00:00,MSFT,490.2999877929688,496.8785003662109,462.49219970703126,0.0208997577426541,495.9700012207031,487.2300109863281,0.0277508259361922,497.3865,497.7950134277344,0.0152866119138685,0.0144534211369868,496.9131734418001,0.0009525337292257,13.549669989576516,501.4700012207031,493.2749938964844,False,False,-0.0015026242905054,True,WATCH,57.0,holding above VWAP; volume 13.5x; near support; positive 1M trend,493.7481599259367,501.0248400740633,504.6631801481266,,,,,,,,,,,,,,,
2026-09-17T21:10:13.776253+00:00,GOOGL,342.8699951171875,341.34299926757814,345.76419860839843,0.0231366385547579,348.3999938964844,340.6400146484375,0.0075713197444886,346.9965,348.6700134277344,0.0169160859601158,0.0120351880933826,346.5282960461233,0.0013511276257061,7.810380911075054,349.5,343.8857116699219,False,False,-0.0012190242685096,True,WATCH,57.0,holding above VWAP; volume 7.8x; near support; positive 1M trend,344.1865835899069,349.8064164100932,352.6163328201863,,,,,,,,,,,,,,,
2026-09-17T21:10:13.776253+00:00,NBIS,209.3699951171875,217.2245002746582,211.81200012207032,0.070070768324436,220.3999938964844,208.46099853515625,-0.0263956612971265,217.71,230.0200042724609,0.0986292670242234,0.0398338113259471,215.60202566484168,0.0097771545914657,6.826527463807472,232.8099975585937,210.5800018310547,False,False,0.0083601641041588,True,WATCH,57.0,holding above VWAP; volume 6.8x; 15m momentum; near support; enough daily range; large gap,214.44435,220.97565,224.2413,,,,,,,,,,,,,,,
2026-09-17T21:10:13.776253+00:00,MU,926.5499877929688,957.527001953125,926.7738024902344,0.0462846106210875,941.2000122070312,917.6400146484376,0.0431006128200468,977.22,961.3300170898438,0.0375371321084581,0.0546867550316703,976.8629888216713,0.0003654669922128,4.62206120378281,986.2000122070312,961.1303100585938,False,False,-0.0018691464335687,False,WATCH,56.0,holding above VWAP; volume 4.6x; positive 1M trend; enough daily range,962.5617,991.8783,1006.5366,,,,,,,,,,,,,,,
2026-09-17T21:10:13.776253+00:00,SNDK,1519.969970703125,1581.8597412109375,1505.53029296875,0.0629334284429768,1560.5799560546875,1504.199951171875,0.0290145261703789,1617.1791,1575.0,0.0362046819065895,0.0639546380326889,1603.7137667906677,0.0083963444650594,3.693781830378503,1625.35498046875,1573.0799560546875,False,False,7.361594618426892e-05,False,WATCH,56.0,holding above VWAP; volume 3.7x; positive 1M trend; enough daily range,1592.9214135,1641.4367865000002,1665.6944730000002,,,,,,,,,,,,,,,
2026-09-17T21:10:13.776253+00:00,CL,87.0199966430664,89.38099975585938,90.93559982299804,0.0178243136265683,87.76000213623047,86.68000030517578,-0.0345548508280038,87.73,87.30999755859375,0.0033325778753687,0.0081590827892794,87.51118067173613,0.0025004728148358,20.935639609518987,87.45999908447266,86.94000244140625,True,False,0.002513973927541,False,WATCH,52.0,holding above VWAP; opening-range breakout; volume 20.9x,87.18269553793941,88.2773044620606,88.8246089241212,,,,,,,,,,,,,,,
2026-09-17T21:10:13.776253+00:00,CRM,250.5399932861328,241.58649826049805,205.4187997436524,0.0384597702491504,256.3999938964844,249.6000061035156,0.1783687244351048,243.1897,244.17999267578125,-0.0253851711534455,-0.0293378042751774,243.63503326602023,-0.0018278704012735,9.916007287537932,247.0,241.5200042724609,False,False,-0.0034026074007189,True,WATCH,50.0,volume 9.9x; near support; positive 1M trend; enough daily range,241.5200042724609,244.85939572753904,246.5290914550781,,,,,,,,,,,,,,,
2026-09-17T21:10:13.776253+00:00,PLTR,174.33999633789062,175.71149978637695,157.2871992492676,0.0400686696785806,174.76499938964844,168.9600067138672,0.0059935101154473,175.86,175.75999450683594,0.0081449936834527,0.0087186170358948,175.9771961680127,-0.0006659736066075,4.955002563012602,177.48989868164062,172.60699462890625,False,False,-0.0044157574294814,True,WATCH,50.0,volume 5.0x; near support; positive 1M trend; enough daily range,173.3937333126137,178.32626668738632,180.79253337477263,,,,,,,,,,,,,,,
2026-09-17T23:12:09.428689+00:00,ORCL,143.16000366210938,149.1340003967285,140.93460006713866,0.0564203882461221,146.52000427246094,139.0,0.0471455315652475,150.5,146.75,0.0250768108833234,0.0512712779416708,150.1817952363635,0.0021187971760203,22.027072040878505,149.66000366210938,146.14999389648438,True,False,0.0006649342258913,True,ENTRY TRIGGERED,82.0,holding above VWAP; opening-range breakout; volume 22.0x; near support; positive 1M trend; enough daily range,148.2425,152.7575,155.015,,,,,,,,,,,,,,,
2026-09-17T23:12:09.428689+00:00,CVX,211.5399932861328,208.4115013122559,198.05760040283204,0.0221133430735489,215.27999877929688,210.3699951171875,0.0282368437621132,211.69,209.6100006103516,-0.0091235356766353,0.0007091175126601,211.45218394856727,0.0011246800434587,24.862933863469348,211.5399932861328,209.1699981689453,True,False,0.0015613142917083,True,ENTRY TRIGGERED,75.0,holding above VWAP; opening-range breakout; volume 24.9x; near support; positive 1M trend,210.0515892416661,213.32841075833383,214.9668215166677,,,,,,,,,,,,,,,
2026-09-17T23:12:09.428689+00:00,QQQ,704.719970703125,712.7094940185547,709.9877978515625,0.0120473617113877,711.8800048828125,700.0,0.0011730055304799,716.7268,716.0499877929688,0.0160773322182701,0.0170377310080986,716.0960077546229,0.0008808766402079,4.67545309774448,716.3699951171875,713.3200073242188,True,False,-0.0010344616236886,True,ENTRY TRIGGERED,75.0,holding above VWAP; opening-range breakout; volume 4.7x; near support; positive 1M trend,713.3200073242188,720.1335926757813,723.5403853515626,,,,,,,,,,,,,,,
2026-09-17T23:12:09.428689+00:00,META,673.3099975585938,608.6140014648438,606.6935961914063,0.0311764699712098,685.3099975585938,671.9099731445312,0.2495832847090973,682.26,679.625,0.0093790415474361,0.0132925435146644,677.6043220147723,0.0068707914544945,6.9903544810769,681.6599731445312,667.0499877929688,True,False,-0.0002784265567183,False,ENTRY TRIGGERED,74.0,holding above VWAP; opening-range breakout; volume 7.0x; positive 1M trend; enough daily range,674.8153395591048,689.7046604408952,697.1493208817903,,,,,,,,,,,,,,,
2026-09-17T23:12:09.428689+00:00,AMD,512.5,486.2354995727539,495.58500244140623,0.042880821095111,527.25,506.0499877929688,0.1686677483017638,545.2,533.9000244140625,0.0417561451981707,0.0638048780487805,542.2542824669612,0.0054323545765972,6.694788324162884,540.2000122070312,527.6500244140625,True,False,0.0032848229158792,False,ENTRY TRIGGERED,74.0,holding above VWAP; opening-range breakout; volume 6.7x; positive 1M trend; enough daily range,537.022,553.378,561.556,,,,,,,,,,,,,,,
2026-09-17T23:12:09.428689+00:00,XOM,163.32000732421875,162.78600158691407,157.26340087890625,0.0237701502521642,167.5,162.55999755859375,-0.0091035987200657,163.31,161.8300018310547,-0.0091232269553241,-6.127433119007542e-05,163.06443124460176,0.0015059614995367,26.049783235424872,163.2449951171875,161.8300018310547,True,False,0.0006126663931098,True,ENTRY TRIGGERED,68.0,holding above VWAP; opening-range breakout; volume 26.0x; near support,161.95133386681167,164.66866613318834,166.02733226637667,,,,,,,,,,,,,,,
2026-09-17T23:12:09.428689+00:00,AAPL,332.4100036621094,321.39849853515625,319.7439990234375,0.0235566041609809,335.4800109863281,330.70001220703125,0.0636619457834488,336.92,334.7550048828125,0.0070545446733509,0.0135675710363849,335.33767185709974,0.0047186113452071,11.646656832267697,335.5799865722656,330.1936950683594,True,False,-0.0015853568432927,False,WATCH,67.0,holding above VWAP; opening-range breakout; volume 11.6x; positive 1M trend,334.1421581241288,339.69784187587123,342.47568375174245,,,,,,,,,,,,,,,
2026-09-17T23:12:09.428689+00:00,NVDA,213.8999938964844,218.6074996948242,213.88279937744144,0.0303412667557009,216.759994506836,212.5,0.0081816455197261,219.0185,218.38800048828125,0.020981798596819,0.0239294354818573,218.89466361243296,0.0005657350687464,7.387127703442716,219.19000244140625,217.1450042724609,False,False,-0.0026480240772012,True,WATCH,64.0,holding above VWAP; volume 7.4x; near support; positive 1M trend; enough daily range,217.1450042724609,220.89199572753904,222.7654914550781,,,,,,,,,,,,,,,
2026-09-17T23:12:09.428689+00:00,RGTI,14.789999961853027,15.68875012397766,15.977700119018555,0.0555539425064913,15.31999969482422,14.40999984741211,-0.0594117781695198,15.99,15.32900047302246,0.0364435775902396,0.0811359054254268,15.868011601969274,0.0076876927677307,6.698639711140583,15.800000190734863,15.300000190734863,True,False,0.0009389432345598,True,WATCH,60.0,holding above VWAP; opening-range breakout; volume 6.7x; near support; enough daily range; already >7% up,15.75015,16.22985,16.469700000000003,,,,,,,,,,,,,,,
2026-09-17T23:12:09.428689+00:00,NVO,41.709999084472656,45.32649955749512,47.01459976196289,0.0282391865539738,42.720001220703125,41.470001220703125,-0.0707831529244685,43.19,41.97999954223633,0.006473278918488,0.035483120307195,43.06229813092812,0.0029655144898121,44.82879255678743,42.73500061035156,41.959999084472656,True,False,-0.0012717986644281,False,WATCH,59.0,holding above VWAP; opening-range breakout; volume 44.8x; enough daily range,42.76312233645685,43.61687766354314,44.04375532708629,,,,,,,,,,,,,,,
2026-09-17T23:12:09.428689+00:00,GS,937.97998046875,1016.4980072021484,1038.685802001953,0.0300706953902544,984.6599731445312,932.3699951171876,-0.068692851792557,951.47,940.0999755859376,0.0022601709645531,0.0143819908869573,944.4599256399864,0.0074223100098855,8.598775846226953,940.0999755859376,922.0,True,False,0.0003679923507122,False,WATCH,59.0,holding above VWAP; opening-range breakout; volume 8.6x; enough daily range,941.456022409962,961.483977590038,971.497955180076,,,,,,,,,,,,,,,
2026-09-17T23:12:09.428689+00:00,MSFT,490.2999877929688,496.8785003662109,462.49219970703126,0.0208997577426541,495.9700012207031,487.2300109863281,0.0277508259361922,497.3865,497.7950134277344,0.0152866119138685,0.0144534211369868,496.9131734418001,0.0009525337292257,13.549669989576516,501.4700012207031,493.2749938964844,False,False,-0.0015026242905054,True,WATCH,57.0,holding above VWAP; volume 13.5x; near support; positive 1M trend,493.7481599259367,501.0248400740633,504.6631801481266,,,,,,,,,,,,,,,
2026-09-17T23:12:09.428689+00:00,GOOGL,342.8699951171875,341.34299926757814,345.76419860839843,0.0231366385547579,348.3999938964844,340.6400146484375,0.0075713197444886,346.9965,348.6700134277344,0.0169160859601158,0.0120351880933826,346.5282960461233,0.0013511276257061,7.810380911075054,349.5,343.8857116699219,False,False,-0.0012190242685096,True,WATCH,57.0,holding above VWAP; volume 7.8x; near support; positive 1M trend,344.1865835899069,349.8064164100932,352.6163328201863,,,,,,,,,,,,,,,
2026-09-17T23:12:09.428689+00:00,NBIS,209.3699951171875,217.2245002746582,211.81200012207032,0.070070768324436,220.3999938964844,208.46099853515625,-0.0263956612971265,217.71,230.0200042724609,0.0986292670242234,0.0398338113259471,215.60202566484168,0.0097771545914657,6.826527463807472,232.8099975585937,210.5800018310547,False,False,0.0083601641041588,True,WATCH,57.0,holding above VWAP; volume 6.8x; 15m momentum; near support; enough daily range; large gap,214.44435,220.97565,224.2413,,,,,,,,,,,,,,,
2026-09-17T23:12:09.428689+00:00,MU,926.5499877929688,957.527001953125,926.7738024902344,0.0462846106210875,941.2000122070312,917.6400146484376,0.0431006128200468,977.22,961.3300170898438,0.0375371321084581,0.0546867550316703,976.8629888216713,0.0003654669922128,4.62206120378281,986.2000122070312,961.1303100585938,False,False,-0.0018691464335687,False,WATCH,56.0,holding above VWAP; volume 4.6x; positive 1M trend; enough daily range,962.5617,991.8783,1006.5366,,,,,,,,,,,,,,,
2026-09-17T23:12:09.428689+00:00,SNDK,1519.969970703125,1581.8597412109375,1505.53029296875,0.0629334284429768,1560.5799560546875,1504.199951171875,0.0290145261703789,1617.1791,1575.0,0.0362046819065895,0.0639546380326889,1603.7137667906677,0.0083963444650594,3.693781830378503,1625.35498046875,1573.0799560546875,False,False,7.361594618426892e-05,False,WATCH,56.0,holding above VWAP; volume 3.7x; positive 1M trend; enough daily range,1592.9214135,1641.4367865000002,1665.6944730000002,,,,,,,,,,,,,,,
2026-09-17T23:12:09.428689+00:00,CL,87.0199966430664,89.38099975585938,90.93559982299804,0.0178243136265683,87.76000213623047,86.68000030517578,-0.0345548508280038,87.73,87.30999755859375,0.0033325778753687,0.0081590827892794,87.51118067173613,0.0025004728148358,20.935639609518987,87.45999908447266,86.94000244140625,True,False,0.002513973927541,False,WATCH,52.0,holding above VWAP; opening-range breakout; volume 20.9x,87.18269553793941,88.2773044620606,88.8246089241212,,,,,,,,,,,,,,,
2026-09-17T23:12:09.428689+00:00,CRM,250.5399932861328,241.58649826049805,205.4187997436524,0.0384597702491504,256.3999938964844,249.6000061035156,0.1783687244351048,243.1897,244.17999267578125,-0.0253851711534455,-0.0293378042751774,243.63503326602023,-0.0018278704012735,9.916007287537932,247.0,241.5200042724609,False,False,-0.0034026074007189,True,WATCH,50.0,volume 9.9x; near support; positive 1M trend; enough daily range,241.5200042724609,244.85939572753904,246.5290914550781,,,,,,,,,,,,,,,
2026-09-17T23:12:09.428689+00:00,PLTR,174.33999633789062,175.71149978637695,157.2871992492676,0.0400686696785806,174.76499938964844,168.9600067138672,0.0059935101154473,175.86,175.75999450683594,0.0081449936834527,0.0087186170358948,175.9771961680127,-0.0006659736066075,4.955002563012602,177.48989868164062,172.60699462890625,False,False,-0.0044157574294814,True,WATCH,50.0,volume 5.0x; near support; positive 1M trend; enough daily range,173.3937333126137,178.32626668738632,180.79253337477263,,,,,,,,,,,,,,,
2026-09-17T23:38:34.356165+00:00,ORCL,143.16000366210938,149.1340003967285,140.93460006713866,0.0564203882461221,146.52000427246094,139.0,0.0471455315652475,150.5,146.75,0.0250768108833234,0.0512712779416708,150.1817952363635,0.0021187971760203,22.027072040878505,149.66000366210938,146.14999389648438,True,False,0.0006649342258913,True,ENTRY TRIGGERED,82.0,holding above VWAP; opening-range breakout; volume 22.0x; near support; positive 1M trend; enough daily range,148.2425,152.7575,155.015,,,,,,,,,,,,,,,
2026-09-17T23:38:34.356165+00:00,CVX,211.5399932861328,208.4115013122559,198.05760040283204,0.0221133430735489,215.27999877929688,210.3699951171875,0.0282368437621132,211.69,209.6100006103516,-0.0091235356766353,0.0007091175126601,211.45218394856727,0.0011246800434587,24.862933863469348,211.5399932861328,209.1699981689453,True,False,0.0015613142917083,True,ENTRY TRIGGERED,75.0,holding above VWAP; opening-range breakout; volume 24.9x; near support; positive 1M trend,210.0515892416661,213.32841075833383,214.9668215166677,,,,,,,,,,,,,,,
2026-09-17T23:38:34.356165+00:00,QQQ,704.719970703125,712.7094940185547,709.9877978515625,0.0120473617113877,711.8800048828125,700.0,0.0011730055304799,716.7268,716.0499877929688,0.0160773322182701,0.0170377310080986,716.0960077546229,0.0008808766402079,4.67545309774448,716.3699951171875,713.3200073242188,True,False,-0.0010344616236886,True,ENTRY TRIGGERED,75.0,holding above VWAP; opening-range breakout; volume 4.7x; near support; positive 1M trend,713.3200073242188,720.1335926757813,723.5403853515626,,,,,,,,,,,,,,,
2026-09-17T23:38:34.356165+00:00,AMD,512.5,486.2354995727539,495.58500244140623,0.042880821095111,527.25,506.0499877929688,0.1686677483017638,545.2,533.9000244140625,0.0417561451981707,0.0638048780487805,541.7290347752354,0.0064071980675814,6.694788324162884,540.2000122070312,527.6500244140625,True,False,0.0032848229158792,False,ENTRY TRIGGERED,74.0,holding above VWAP; opening-range breakout; volume 6.7x; positive 1M trend; enough daily range,537.022,553.378,561.556,,,,,,,,,,,,,,,
2026-09-17T23:38:34.356165+00:00,XOM,163.32000732421875,162.78600158691407,157.26340087890625,0.0237701502521642,167.5,162.55999755859375,-0.0091035987200657,163.31,161.8300018310547,-0.0091232269553241,-6.127433119007542e-05,163.06443124460176,0.0015059614995367,26.049783235424872,163.2449951171875,161.8300018310547,True,False,0.0006126663931098,True,ENTRY TRIGGERED,68.0,holding above VWAP; opening-range breakout; volume 26.0x; near support,161.95133386681167,164.66866613318834,166.02733226637667,,,,,,,,,,,,,,,
2026-09-17T23:38:34.356165+00:00,AAPL,332.4100036621094,321.39849853515625,319.7439990234375,0.0235566041609809,335.4800109863281,330.70001220703125,0.0636619457834488,336.92,334.7550048828125,0.0070545446733509,0.0135675710363849,335.33767185709974,0.0047186113452071,11.646656832267697,335.5799865722656,330.1936950683594,True,False,-0.0015853568432927,False,WATCH,67.0,holding above VWAP; opening-range breakout; volume 11.6x; positive 1M trend,334.1421581241288,339.69784187587123,342.47568375174245,,,,,,,,,,,,,,,
2026-09-17T23:38:34.356165+00:00,NVDA,213.8999938964844,218.6074996948242,213.88279937744144,0.0303412667557009,216.759994506836,212.5,0.0081816455197261,219.0185,218.38800048828125,0.020981798596819,0.0239294354818573,218.97542162978624,0.0001967269654883,7.387127703442716,219.19000244140625,217.1450042724609,False,False,-0.0026480240772012,True,WATCH,64.0,holding above VWAP; volume 7.4x; near support; positive 1M trend; enough daily range,217.1450042724609,220.89199572753904,222.7654914550781,,,,,,,,,,,,,,,
2026-09-17T23:38:34.356165+00:00,RGTI,14.789999961853027,15.68875012397766,15.977700119018555,0.0555539425064913,15.31999969482422,14.40999984741211,-0.0594117781695198,15.99,15.32900047302246,0.0364435775902396,0.0811359054254268,15.868011601969274,0.0076876927677307,6.698639711140583,15.800000190734863,15.300000190734863,True,False,0.0009389432345598,True,WATCH,60.0,holding above VWAP; opening-range breakout; volume 6.7x; near support; enough daily range; already >7% up,15.75015,16.22985,16.469700000000003,,,,,,,,,,,,,,,
2026-09-17T23:38:34.356165+00:00,NVO,41.709999084472656,45.32649955749512,47.01459976196289,0.0282391865539738,42.720001220703125,41.470001220703125,-0.0707831529244685,43.19,41.97999954223633,0.006473278918488,0.035483120307195,43.06229813092812,0.0029655144898121,44.82879255678743,42.73500061035156,41.959999084472656,True,False,-0.0012717986644281,False,WATCH,59.0,holding above VWAP; opening-range breakout; volume 44.8x; enough daily range,42.76312233645685,43.61687766354314,44.04375532708629,,,,,,,,,,,,,,,
2026-09-17T23:38:34.356165+00:00,GS,937.97998046875,1016.4980072021484,1038.685802001953,0.0300706953902544,984.6599731445312,932.3699951171876,-0.068692851792557,951.47,940.0999755859376,0.0022601709645531,0.0143819908869573,944.4599256399864,0.0074223100098855,8.598775846226953,940.0999755859376,922.0,True,False,0.0003679923507122,False,WATCH,59.0,holding above VWAP; opening-range breakout; volume 8.6x; enough daily range,941.456022409962,961.483977590038,971.497955180076,,,,,,,,,,,,,,,
2026-09-17T23:38:34.356165+00:00,MSFT,490.2999877929688,496.8785003662109,462.49219970703126,0.0208997577426541,495.9700012207031,487.2300109863281,0.0277508259361922,497.3865,497.7950134277344,0.0152866119138685,0.0144534211369868,496.9131734418001,0.0009525337292257,13.549669989576516,501.4700012207031,493.2749938964844,False,False,-0.0015026242905054,True,WATCH,57.0,holding above VWAP; volume 13.5x; near support; positive 1M trend,493.7481599259367,501.0248400740633,504.6631801481266,,,,,,,,,,,,,,,
2026-09-17T23:38:34.356165+00:00,GOOGL,342.8699951171875,341.34299926757814,345.76419860839843,0.0231366385547579,348.3999938964844,340.6400146484375,0.0075713197444886,346.9965,348.6700134277344,0.0169160859601158,0.0120351880933826,346.5282960461233,0.0013511276257061,7.810380911075054,349.5,343.8857116699219,False,False,-0.0012190242685096,True,WATCH,57.0,holding above VWAP; volume 7.8x; near support; positive 1M trend,344.1865835899069,349.8064164100932,352.6163328201863,,,,,,,,,,,,,,,
2026-09-17T23:38:34.356165+00:00,NBIS,209.3699951171875,217.2245002746582,211.81200012207032,0.070070768324436,220.3999938964844,208.46099853515625,-0.0263956612971265,217.71,230.0200042724609,0.0986292670242234,0.0398338113259471,215.60202566484168,0.0097771545914657,6.826527463807472,232.8099975585937,210.5800018310547,False,False,0.0083601641041588,True,WATCH,57.0,holding above VWAP; volume 6.8x; 15m momentum; near support; enough daily range; large gap,214.44435,220.97565,224.2413,,,,,,,,,,,,,,,
2026-09-17T23:38:34.356165+00:00,META,673.3099975585938,608.6140014648438,606.6935961914063,0.0311764699712098,685.3099975585938,671.9099731445312,0.2495832847090973,682.26,682.4400024414062,0.0135598831384022,0.0132925435146644,677.6405434236821,0.0068169719494333,6.9903544810769,683.0700073242188,667.0499877929688,False,False,-0.0002784265567183,False,WATCH,56.0,holding above VWAP; volume 7.0x; positive 1M trend; enough daily range,674.8153395591048,689.7046604408952,697.1493208817903,,,,,,,,,,,,,,,
2026-09-17T23:38:34.356165+00:00,MU,926.5499877929688,957.527001953125,926.7738024902344,0.0462846106210875,941.2000122070312,917.6400146484376,0.0431006128200468,977.22,954.9979858398438,0.0307031443760932,0.0546867550316703,976.4957609169588,0.0007416715074739,4.62206120378281,986.2000122070312,953.5,False,False,-0.0018691464335687,False,WATCH,56.0,holding above VWAP; volume 4.6x; positive 1M trend; enough daily range,962.5617,991.8783,1006.5366,,,,,,,,,,,,,,,
2026-09-17T23:38:34.356165+00:00,SNDK,1519.969970703125,1581.8597412109375,1505.53029296875,0.0629334284429768,1560.5799560546875,1504.199951171875,0.0290145261703789,1617.1791,1564.501953125,0.029297935669923,0.0639546380326889,1603.3221376964111,0.0086426563806434,3.693781830378503,1625.35498046875,1564.5001220703125,False,False,7.361594618426892e-05,False,WATCH,56.0,holding above VWAP; volume 3.7x; positive 1M trend; enough daily range,1592.9214135,1641.4367865000002,1665.6944730000002,,,,,,,,,,,,,,,
2026-09-17T23:38:34.356165+00:00,CL,87.0199966430664,89.38099975585938,90.93559982299804,0.0178243136265683,87.76000213623047,86.68000030517578,-0.0345548508280038,87.73,87.30999755859375,0.0033325778753687,0.0081590827892794,87.51118067173613,0.0025004728148358,20.935639609518987,87.45999908447266,86.94000244140625,True,False,0.002513973927541,False,WATCH,52.0,holding above VWAP; opening-range breakout; volume 20.9x,87.18269553793941,88.2773044620606,88.8246089241212,,,,,,,,,,,,,,,
2026-09-17T23:38:34.356165+00:00,CRM,250.5399932861328,241.58649826049805,205.4187997436524,0.0384597702491504,256.3999938964844,249.6000061035156,0.1783687244351048,243.1897,244.17999267578125,-0.0253851711534455,-0.0293378042751774,243.63503326602023,-0.0018278704012735,9.916007287537932,247.0,241.5200042724609,False,False,-0.0034026074007189,True,WATCH,50.0,volume 9.9x; near support; positive 1M trend; enough daily range,241.5200042724609,244.85939572753904,246.5290914550781,,,,,,,,,,,,,,,
2026-09-17T23:38:34.356165+00:00,PLTR,174.33999633789062,175.71149978637695,157.2871992492676,0.0400686696785806,174.76499938964844,168.9600067138672,0.0059935101154473,175.86,175.75999450683594,0.0081449936834527,0.0087186170358948,175.9771961680127,-0.0006659736066075,4.955002563012602,177.48989868164062,172.60699462890625,False,False,-0.0044157574294814,True,WATCH,50.0,volume 5.0x; near support; positive 1M trend; enough daily range,173.3937333126137,178.32626668738632,180.79253337477263,,,,,,,,,,,,,,,
2026-09-18T00:22:02.061956+00:00,CVX,217.7700042724609,208.12100067138672,197.3456002807617,0.0214807198123569,215.27999877929688,210.3699951171875,0.0281908604943701,211.69,209.6100006103516,-0.0374707420765811,-0.0279193835384876,211.45218394856727,0.0011246800434587,24.862933863469348,211.5399932861328,209.1699981689453,True,False,0.0015613142917083,True,ENTRY TRIGGERED,75.0,holding above VWAP; opening-range breakout; volume 24.9x; near support; positive 1M trend,210.0984612480228,213.28153875197725,214.8730775039545,,,,,,,,,,,,,,,
2026-09-18T00:22:02.061956+00:00,RGTI,15.09000015258789,15.739250135421752,15.99630012512207,0.0520354017120309,15.31999969482422,14.40999984741211,-0.1648785586431653,15.99,15.32900047302246,0.0158383245870001,0.0596421364023487,15.868011601969274,0.0076876927677307,6.698639711140583,15.800000190734863,15.300000190734863,True,False,0.0009389432345598,True,ENTRY TRIGGERED,71.0,holding above VWAP; opening-range breakout; volume 6.7x; near support; enough daily range,15.75015,16.22985,16.469700000000003,,,,,,,,,,,,,,,
2026-09-18T00:22:02.061956+00:00,XOM,169.32000732421875,162.86100158691406,156.8206008911133,0.022927834546142,167.5,162.55999755859375,-0.0135297793392528,163.31,161.8300018310547,-0.0442357971248016,-0.0354949625811827,163.06443124460176,0.0015059614995367,26.049783235424872,163.2449951171875,161.8300018310547,True,False,0.0006126663931098,True,ENTRY TRIGGERED,68.0,holding above VWAP; opening-range breakout; volume 26.0x; near support,161.99947936909433,164.62052063090567,165.93104126181134,,,,,,,,,,,,,,,
2026-09-18T00:22:02.061956+00:00,QQQ,704.5399780273438,712.6674957275391,709.8781982421875,0.0111785396256325,711.8800048828125,700.0,-0.0178255897317416,716.7268,716.0499877929688,0.016336915043277,0.0172975591914292,716.0960077546229,0.0008808766402079,4.67545309774448,716.3699951171875,713.3200073242188,True,False,-0.0010344616236886,True,ENTRY TRIGGERED,68.0,holding above VWAP; opening-range breakout; volume 4.7x; near support,713.3200073242188,720.1335926757813,723.5403853515626,,,,,,,,,,,,,,,
2026-09-18T00:22:02.061956+00:00,ORCL,140.35000610351562,148.79500045776368,140.73260025024413,0.0560272827664639,146.52000427246094,139.0,0.0025912906602292,150.5,146.75,0.0456002395309056,0.0723191553621893,150.1817952363635,0.0021187971760203,22.027072040878505,149.66000366210938,146.14999389648438,True,False,0.0006649342258913,True,WATCH,67.0,holding above VWAP; opening-range breakout; volume 22.0x; near support; positive 1M trend; enough daily range; already >7% up,148.2425,152.7575,155.015,,,,,,,,,,,,,,,
2026-09-18T00:22:02.061956+00:00,AAPL,331.3399963378906,320.3899978637695,319.27179931640626,0.0236326762901067,335.4800109863281,330.70001220703125,0.0721865786244262,336.92,334.7550048828125,0.0103066595722398,0.0168407186689862,335.33767185709974,0.0047186113452071,11.646656832267697,335.5799865722656,330.1936950683594,True,False,-0.0015853568432927,False,WATCH,67.0,holding above VWAP; opening-range breakout; volume 11.6x; positive 1M trend,334.13318754651806,339.706812453482,342.493624906964,,,,,,,,,,,,,,,
2026-09-18T00:22:02.061956+00:00,NVO,42.52999877929688,45.49099960327148,47.12859977722168,0.0272580507271847,42.720001220703125,41.470001220703125,-0.0875082056468202,43.19,41.97999954223633,-0.012932030398465,0.0155184867069499,43.06229813092812,0.0029655144898121,44.82879255678743,42.73500061035156,41.959999084472656,True,False,-0.0012717986644281,False,WATCH,59.0,holding above VWAP; opening-range breakout; volume 44.8x; enough daily range,42.777953676182506,43.60204632381749,44.01409264763498,,,,,,,,,,,,,,,
2026-09-18T00:22:02.061956+00:00,GS,976.6699829101562,1020.0070098876952,1040.2492028808597,0.0288794687748965,984.6599731445312,932.3699951171876,-0.0985035542785677,951.47,940.0999755859376,-0.0374435663674767,-0.0258019426736844,944.4599256399864,0.0074223100098855,8.598775846226953,940.0999755859376,922.0,True,False,0.0003679923507122,False,WATCH,59.0,holding above VWAP; opening-range breakout; volume 8.6x; enough daily range,941.8527181456624,961.0872818543378,970.7045637086756,,,,,,,,,,,,,,,
2026-09-18T00:22:02.061956+00:00,AMD,504.2000122070313,482.3019989013672,495.0314013671875,0.0414404516151826,527.25,506.0499877929688,0.058031719278863,545.2,533.9000244140625,0.058905219135211,0.0813169115436944,541.7290347752354,0.0064071980675814,6.694788324162884,540.2000122070312,527.6500244140625,True,False,0.0032848229158792,False,WATCH,59.0,holding above VWAP; opening-range breakout; volume 6.7x; positive 1M trend; enough daily range; already >7% up,537.2923330227909,553.1076669772092,561.0153339544183,,,,,,,,,,,,,,,
2026-09-18T00:22:02.061956+00:00,MSFT,497.1199951171875,496.2065002441406,460.20399963378907,0.020185570141407,495.9700012207031,487.2300109863281,0.0180013346806866,497.3865,497.7950134277344,0.0013578578958339,0.0005360976935753,496.9131734418001,0.0009525337292257,13.549669989576516,501.4700012207031,493.2749938964844,False,False,-0.0015026242905054,True,WATCH,57.0,holding above VWAP; volume 13.5x; near support; positive 1M trend,493.87248947090137,500.90051052909865,504.4145210581973,,,,,,,,,,,,,,,
2026-09-18T00:22:02.061956+00:00,NVDA,212.1699981689453,218.51849975585927,213.5783993530273,0.0294962076280261,216.759994506836,212.5,-0.0265769156762006,219.0185,218.38800048828125,0.0293066992175996,0.0322783705997933,218.97542162978624,0.0001967269654883,7.387127703442716,219.19000244140625,217.1450042724609,False,False,-0.0026480240772012,True,WATCH,57.0,holding above VWAP; volume 7.4x; near support; enough daily range,217.1450042724609,220.89199572753904,222.7654914550781,,,,,,,,,,,,,,,
2026-09-18T00:22:02.061956+00:00,NBIS,207.3699951171875,217.5199996948242,211.7817999267578,0.0706501270873759,220.3999938964844,208.46099853515625,-0.1572273828046592,217.71,230.0200042724609,0.1092251033833202,0.0498625892187016,215.60202566484168,0.0097771545914657,6.826527463807472,232.8099975585937,210.5800018310547,False,False,0.0083601641041588,True,WATCH,57.0,holding above VWAP; volume 6.8x; 15m momentum; near support; enough daily range; large gap,214.44435,220.97565,224.2413,,,,,,,,,,,,,,,
2026-09-18T00:22:02.061956+00:00,META,670.239990234375,601.8000030517578,605.1097961425781,0.0313192725382745,685.3099975585938,671.9099731445312,0.2384535080537286,682.26,682.4400024414062,0.0182024534268165,0.0179338892646823,677.6405434236821,0.0068169719494333,6.9903544810769,683.0700073242188,667.0499877929688,False,False,-0.0002784265567183,False,WATCH,56.0,holding above VWAP; volume 7.0x; positive 1M trend; enough daily range,674.7812395913129,689.7387604086871,697.2175208173742,,,,,,,,,,,,,,,
2026-09-18T00:22:02.061956+00:00,CL,87.0,89.53799972534179,91.04179977416992,0.0178284104821717,87.76000213623047,86.68000030517578,-0.0485458395566509,87.73,87.30999755859375,0.0035631903286637,0.0083908045977012,87.51118067173613,0.0025004728148358,20.935639609518987,87.45999908447266,86.94000244140625,True,False,0.002513973927541,False,WATCH,52.0,holding above VWAP; opening-range breakout; volume 20.9x,87.18256974193967,88.27743025806033,88.82486051612067,,,,,,,,,,,,,,,
2026-09-18T00:22:02.061956+00:00,GOOGL,344.9800109863281,341.2125,346.0559991455078,0.022784821484255,348.3999938964844,340.6400146484375,-0.0038640820530935,346.9965,348.6700134277344,0.0106962789839799,0.0058452343598303,346.5282960461233,0.0013511276257061,7.810380911075054,349.5,343.8857116699219,False,False,-0.0012190242685096,True,WATCH,50.0,holding above VWAP; volume 7.8x; near support,344.22931134214355,349.7636886578565,352.530877315713,,,,,,,,,,,,,,,
2026-09-18T00:22:02.061956+00:00,PLTR,172.55999755859375,175.65899963378905,156.40679916381836,0.040481987852694,174.76499938964844,168.9600067138672,0.0163227419922264,175.86,175.75999450683594,0.0185442570324307,0.0191237974507141,175.9771961680127,-0.0006659736066075,4.955002563012602,177.48989868164062,172.60699462890625,False,False,-0.0044157574294814,True,WATCH,50.0,volume 5.0x; near support; positive 1M trend; enough daily range,173.36829316567884,178.3517068343212,180.8434136686424,,,,,,,,,,,,,,,
2026-09-18T00:22:02.061956+00:00,MU,927.5999755859376,955.5075012207031,926.1998022460938,0.0441569702588305,941.2000122070312,917.6400146484376,-0.015104832077414,977.22,954.9979858398438,0.0295364499514996,0.0534929125916794,976.4957609169588,0.0007416715074739,4.62206120378281,986.2000122070312,953.5,False,False,-0.0018691464335687,False,WATCH,49.0,holding above VWAP; volume 4.6x; enough daily range,962.5617,991.8783,1006.5366,,,,,,,,,,,,,,,
2026-09-18T00:22:02.061956+00:00,SNDK,1530.89501953125,1579.583740234375,1507.78609375,0.0604066216881273,1560.5799560546875,1504.199951171875,-0.0650826413703158,1617.1791,1564.501953125,0.0219524743140389,0.0563618532740211,1603.3221376964111,0.0086426563806434,3.693781830378503,1625.35498046875,1564.5001220703125,False,False,7.361594618426892e-05,False,WATCH,49.0,holding above VWAP; volume 3.7x; enough daily range,1592.9214135,1641.4367865000002,1665.6944730000002,,,,,,,,,,,,,,,
2026-09-18T14:14:10.147031+00:00,NVDA,219.33999633789065,218.79674911499023,214.23989929199217,0.0264283010123504,219.9100036621093,217.1499938964844,0.0174544076402447,220.63999938964844,219.3600006103516,9.12021190613288e-05,0.0059268855359839,219.11296116522385,0.0069691825454045,1.845714257441346,220.07000732421875,218.0399932861328,True,False,0.0068449393272693,True,ENTRY TRIGGERED,84.0,holding above VWAP; opening-range breakout; volume 1.8x; 15m momentum; near support; positive 1M trend; enough daily range,218.5991002779164,222.68089850138048,224.72179761311253,,,,,,,,,,,,,,,
2026-09-18T14:14:10.147031+00:00,SNDK,1614.3900146484375,1586.8977416992188,1502.392492675781,0.0597999811634992,1625.35498046875,1564.5,0.0629506129331141,1701.3800048828125,1624.06005859375,0.0059899056966221,0.053884123071288,1670.9671716329096,0.0182007365352263,4.160405530440201,1700.7099609375,1616.0,True,False,0.0070257027472919,False,ENTRY TRIGGERED,70.0,opening-range breakout; volume 4.2x; 15m momentum; positive 1M trend; enough daily range,1675.8593048095704,1726.9007049560546,1752.4214050292967,,,,,,,,,,,,,,,
2026-09-18T14:14:10.147031+00:00,MU,977.5,958.594500732422,926.8546020507812,0.0426532805292633,986.2000122070312,953.5,0.0219124682719991,995.2871704101562,981.7100219726562,0.0043069278492646,0.0181965937699808,989.704895530268,0.0056403427982414,2.596087263152256,996.4000244140624,977.9249877929688,False,False,0.0046910640525337,False,WATCH,66.0,holding above VWAP; volume 2.6x; 15m momentum; positive 1M trend; enough daily range,980.428878399818,1010.1454624204946,1025.003754430833,,,,,,,,,,,,,,,
2026-09-18T14:14:10.147031+00:00,AVGO,347.29998779296875,359.4672485351563,379.81489929199216,0.0317616999723909,350.94000244140625,345.3099975585937,-0.0094360288166149,360.5950012207031,352.0799865722656,0.0137633139859085,0.0382810650591205,358.8773079770733,0.0047862966129348,2.1752095998076744,363.2817077636719,351.3500061035156,False,False,0.0054371656283114,True,WATCH,63.0,holding above VWAP; volume 2.2x; 15m momentum; near support; enough daily range,356.58641263659257,364.6035898048137,368.6121783889242,,,,,,,,,,,,,,,
2026-09-18T14:14:10.147031+00:00,NFLX,75.30999755859375,78.92550010681153,75.72139968872071,0.0321053853046252,76.95999908447266,75.30000305175781,-0.1015722417225257,71.99099731445312,71.2699966430664,-0.0536449481675269,-0.0440711771575657,71.1752890647497,0.0114605540830519,3.8726566935882665,71.87000274658203,70.11000061035156,True,False,0.0035686443426978,False,WATCH,59.0,holding above VWAP; opening-range breakout; volume 3.9x; enough daily range,71.18204276691746,72.79995186198879,73.60890640952445,,,,,,,,,,,,,,,
2026-09-18T14:14:10.147031+00:00,BAC,58.18000030517578,61.39724998474121,61.94749977111817,0.0234493915114846,58.5,57.41999816894531,-0.0600549646933923,58.14500045776367,57.52000045776367,-0.0113441018210753,-0.0006015786735737,57.829846330678606,0.0054496794835485,1.448280213854661,58.060001373291016,57.52000045776367,True,False,0.0040580316175231,False,WATCH,54.0,holding above VWAP; opening-range breakout; volume 1.4x; 15m momentum,57.66778774970433,58.62221316582301,59.09942587388235,,,,,,,,,,,,,,,
2026-09-18T14:14:10.147031+00:00,TSLA,366.2000122070313,359.44774932861327,350.1844989013672,0.038759078931569,374.1199951171875,363.2200012207031,0.0466056014473146,361.2149963378906,369.2799987792969,0.0084106675849162,-0.0136128227825463,366.9129374608368,-0.0155294091355238,2.5085622983058085,370.8999938964844,364.3800048828125,False,False,-0.0087812305530681,True,WATCH,50.0,volume 2.5x; near support; positive 1M trend; enough daily range,356.31487014387625,366.115122531905,371.0152487259194,,,,,,,,,,,,,,,
2026-09-18T14:14:10.147031+00:00,LLY,1152.43994140625,1163.2299926757812,1177.3263989257812,0.0220823273892572,1159.75,1138.260009765625,-0.0748553701274018,1151.25,1150.0,-0.0021171961493045,-0.0010325409277276,1150.8086462582305,0.0003835161850795,2.304052358876466,1157.5999755859375,1141.0,False,True,0.0019582245430809,True,WATCH,50.0,VWAP reclaim; volume 2.3x; near support,1142.352202207591,1160.147797792409,1169.045595584818,,,,,,,,,,,,,,,
2026-09-18T14:14:10.147031+00:00,JPM,349.3099975585937,354.4010009765625,353.1709997558594,0.0199561538443297,353.489990234375,345.2699890136719,-0.0093301063666328,348.2699890136719,347.8900146484375,-0.0040651081276826,-0.0029773225850697,346.72365769347266,0.0044598379311233,1.0774432425771985,348.1499938964844,345.010009765625,True,False,0.0050211821213297,True,WATCH,50.0,holding above VWAP; opening-range breakout; 15m momentum; near support,345.83744369563,350.7025343317138,353.13507964975577,,,,,,,,,,,,,,,
2026-09-18T14:14:10.147031+00:00,AMD,545.0900268554688,490.2777496337891,495.65670288085937,0.0397260605946209,551.4199829101562,527.5999755859375,0.1722085006011402,550.3049926757812,547.5599975585938,0.0045313078233586,0.00956716425431,548.496208079681,0.0032977157716969,1.6953945151451253,552.9500122070312,544.0,False,False,0.0015469429880525,False,WATCH,48.0,holding above VWAP; volume 1.7x; positive 1M trend; enough daily range,544.0,556.6099853515625,562.9149780273438,,,,,,,,,,,,,,,
2026-09-18T19:10:36.215491+00:00,QQQ,716.9199829101562,713.1264953613281,709.90759765625,0.0113959845768509,718.0399780273438,713.3200073242188,0.0117311506637647,719.27001953125,718.8400268554688,0.0026781844432883,0.0032779622232796,717.5210565977399,0.0024375074674507,1.631053183047814,719.5399780273438,716.6199951171875,False,False,-0.0002918231822979,True,WATCH,49.0,holding above VWAP; volume 1.6x; near support; positive 1M trend,716.6199951171875,722.147099609375,725.0241796875,,,,,,,,,,,,,,,
2026-09-18T22:26:15.821593+00:00,NVDA,219.33999633789065,218.87849960327148,214.2725994873047,0.0270649518296385,219.9100036621093,217.1499938964844,0.0249942264993896,221.9487,219.3600006103516,9.12021190613288e-05,0.0118934243898258,219.7683874098309,0.0099209564026294,6.051879932888777,220.07000732421875,218.0399932861328,True,False,0.0063190921561568,False,ENTRY TRIGGERED,84.0,holding above VWAP; opening-range breakout; volume 6.1x; 15m momentum; positive 1M trend; enough daily range,219.8462391940472,224.0511608059528,226.1536216119056,,,,,,,,,,,,,,,
2026-09-18T22:26:15.821593+00:00,PLTR,176.24000549316406,175.895499420166,158.2591993713379,0.0403500141093825,177.8800048828125,172.60699462890625,0.0211542454228239,177.8,177.0399932861328,0.0045391952339661,0.0088515346017534,176.17989219400062,0.0091957588679609,17.060002780726858,177.75,172.0,True,False,0.0038528103060939,True,ENTRY TRIGGERED,82.0,holding above VWAP; opening-range breakout; volume 17.1x; near support; positive 1M trend; enough daily range,175.28901862197313,180.3109813780269,182.8219627560537,,,,,,,,,,,,,,,
2026-09-18T22:26:15.821593+00:00,CAT,798.5700073242188,804.5904968261718,840.1399987792969,0.0267576581268941,813.9500122070312,795.0,-0.0078490345712927,809.5,800.7899780273438,0.0027799324827681,0.013686956153543,806.3066257994761,0.0039604960425043,26.459068123214426,809.4849853515625,799.5700073242188,True,False,0.0017014694508894,True,ENTRY TRIGGERED,71.0,holding above VWAP; opening-range breakout; volume 26.5x; near support; enough daily range,801.9188865111977,817.0811134888023,824.6622269776046,,,,,,,,,,,,,,,
2026-09-18T22:26:15.821593+00:00,AMD,545.0900268554688,490.7535003662109,495.8470031738281,0.0409604547111958,551.4199829101562,527.5999755859375,0.1924764996247545,558.8,547.5599975585938,0.0045313078233586,0.025151759285749,550.7351173504143,0.0146438503656454,14.308465259278371,552.9500122070312,544.0,True,False,0.0109269667263665,False,ENTRY TRIGGERED,70.0,opening-range breakout; volume 14.3x; 15m momentum; positive 1M trend; enough daily range,550.7889542675842,566.8110457324157,574.8220914648314,,,,,,,,,,,,,,,
2026-09-18T22:26:15.821593+00:00,MU,977.5,959.6005004882812,927.257001953125,0.0439620107553891,986.2000122070312,953.5,0.0425625506509474,1015.0675,981.7100219726562,0.0043069278492646,0.0384322250639386,996.8417540640016,0.018283489693017,3.292203212160304,996.4000244140624,977.9249877929688,True,False,0.006187210048038,False,ENTRY TRIGGERED,70.0,opening-range breakout; volume 3.3x; 15m momentum; positive 1M trend; enough daily range,999.8414875,1030.2935125,1045.5195250000002,,,,,,,,,,,,,,,
2026-09-18T22:26:15.821593+00:00,GE,313.4700012207031,330.98699951171875,348.08980041503906,0.0261514012830848,318.67999267578125,313.4700012207031,-0.0881210084259822,314.27,313.6300048828125,0.0005104273502609,0.0025520744447045,313.36134930143675,0.0028996897689803,40.89906877194581,314.0400085449219,309.6224975585937,True,False,0.000923590685792,True,WATCH,67.0,holding above VWAP; opening-range breakout; volume 40.9x; near support; enough daily range,311.3934896915677,317.14651030843225,320.0230206168645,,,,,,,,,,,,,,,
2026-09-18T22:26:15.821593+00:00,QQQ,716.9199829101562,713.2354949951172,709.9511975097656,0.0116037145673659,718.0399780273438,713.3200073242188,0.0147975463683209,721.9707,718.8400268554688,0.0026781844432883,0.0070450220530073,718.1689278909136,0.0052937017482102,5.171404551334934,719.5399780273438,716.6199951171875,True,False,0.0024099282647178,False,WATCH,67.0,holding above VWAP; opening-range breakout; volume 5.2x; positive 1M trend,717.6388757999999,726.3025242,730.6343484,,,,,,,,,,,,,,,
2026-09-18T22:26:15.821593+00:00,SPY,762.5999755859375,764.3034942626953,759.7309985351562,0.0085823902489365,763.5700073242188,759.9600219726562,-0.0011932509489422,762.59,761.3099975585938,-0.0016915526732774,-1.3081020530880672e-05,760.1843439407013,0.0031645693291026,5.024995715486781,761.760009765625,758.9600219726562,True,False,0.0015497916984137,True,WATCH,64.0,holding above VWAP; opening-range breakout; volume 5.0x; near support,758.9600219726562,766.2199780273438,769.8499560546876,,,,,,,,,,,,,,,
2026-09-18T22:26:15.821593+00:00,ASML,1629.6700439453125,1689.396014404297,1722.15,0.0335734200258681,1638.699951171875,1614.02001953125,-0.0402157402357562,1675.0,1629.8199462890625,9.198324796289016e-05,0.0278154195833084,1652.3051475681218,0.01373526703907,6.819742151132092,1653.199951171875,1628.27001953125,True,False,0.0050522892194415,True,WATCH,63.0,opening-range breakout; volume 6.8x; 15m momentum; near support; enough daily range,1655.317582509835,1694.682417490165,1714.3648349803302,,,,,,,,,,,,,,,
2026-09-18T22:26:15.821593+00:00,JPM,349.3099975585937,354.47100219726565,353.1990002441406,0.0200297716033519,353.489990234375,345.2699890136719,-0.0053476729640551,348.79,347.8900146484375,-0.0040651081276826,-0.0014886420721654,348.25149959569177,0.0015462974457638,35.84804247950396,348.1499938964844,345.010009765625,True,False,-4.298297356986058e-05,True,WATCH,60.0,holding above VWAP; opening-range breakout; volume 35.8x; near support,346.34483558686344,351.2351644131366,353.6803288262732,,,,,,,,,,,,,,,
2026-09-18T22:26:15.821593+00:00,ORCL,150.58999633789062,149.41100006103517,141.00240005493163,0.0546896520617336,152.0,146.14999389648438,0.0389948124201187,147.74,150.47000122070312,-0.0007968332565614,-0.0189255356079287,147.25269977188958,0.0033092787355701,34.75991724862235,150.89999389648438,144.4199981689453,False,False,0.0002708398956285,True,WATCH,60.0,holding above VWAP; volume 34.8x; near support; positive 1M trend; enough daily range,145.5239,149.95610000000002,152.17220000000003,,,,,,,,,,,,,,,
2026-09-18T22:26:15.821593+00:00,NBIS,217.9900054931641,217.3959999084473,211.95880004882807,0.0677553795172323,232.8500061035156,209.6499938964844,0.0155830842136663,223.35,218.1499938964844,0.0007339254061595,0.0245882580474727,218.1571744638486,0.0238031389474744,2.747032858492167,220.1999969482422,211.30799865722656,True,False,0.0008626139755278,False,WATCH,60.0,opening-range breakout; volume 2.7x; positive 1M trend; enough daily range,219.99975,226.70025,230.0505,,,,,,,,,,,,,,,
2026-09-18T22:26:15.821593+00:00,NFLX,75.30999755859375,78.9150001525879,75.71719970703126,0.0321053853046252,76.95999908447266,75.30000305175781,-0.104192644593402,71.92,71.2699966430664,-0.0536449481675269,-0.0450139114127073,71.66091794474777,0.0036153884527685,39.481023290364085,71.87000274658203,70.11000061035156,True,False,0.0032782653192415,False,WATCH,59.0,holding above VWAP; opening-range breakout; volume 39.5x; enough daily range,71.11184324111197,72.72815675888803,73.53631351777607,,,,,,,,,,,,,,,
2026-09-18T22:26:15.821593+00:00,SOUN,6.0,6.652500009536743,6.675099964141846,0.0472738061632428,6.110000133514404,5.989999771118164,-0.1492109028922124,5.95,6.059999942779541,0.0099999904632568,-0.0083333333333333,5.896712991792528,0.0090367308501602,2.082768256532242,6.079999923706055,5.849999904632568,False,False,0.0076206246558476,True,WATCH,59.0,holding above VWAP; volume 2.1x; 15m momentum; near support; enough daily range,5.86075,6.03925,6.1285,,,,,,,,,,,,,,,
2026-09-18T22:26:15.821593+00:00,XOM,163.27000427246094,162.65550155639647,157.78500061035157,0.0238343122706046,163.38999938964844,161.4499969482422,-0.0157087012111336,163.0,162.5,-0.0047161404563692,-0.0016537285808504,162.80667593462624,0.0011874455655085,70.79579617235531,163.39999389648438,162.22000122070312,False,False,0.0015976065998526,True,WATCH,50.0,holding above VWAP; volume 70.8x; near support,162.22000122070312,163.77999877929688,164.55999755859375,,,,,,,,,,,,,,,
2026-09-18T22:26:15.821593+00:00,TSLA,366.2000122070313,359.6004989624024,350.2455987548828,0.0387998420524307,374.1199951171875,363.2200012207031,0.0554573171270873,364.0,369.2799987792969,0.0084106675849162,-0.0060076792290969,364.7253639709672,-0.0019887949745798,7.733624760017203,370.8999938964844,364.3800048828125,False,False,-0.0019059726305442,True,WATCH,50.0,volume 7.7x; near support; positive 1M trend; enough daily range,359.05690012252035,368.94309987747965,373.8861997549593,,,,,,,,,,,,,,,
2026-09-18T22:26:15.821593+00:00,META,682.3099975585938,614.6100006103516,607.3789965820313,0.0319335409076706,683.2000122070312,667.0499877929688,0.2197020668623606,666.9137,686.8200073242188,0.0066099130626291,-0.0225649596425144,673.9986708116171,-0.0105118468602994,3.535582479113456,690.1500244140625,668.4906005859375,False,False,0.0017027706648429,True,WATCH,50.0,volume 3.5x; near support; positive 1M trend; enough daily range,659.4597794277073,674.3676205722926,681.8215411445852,,,,,,,,,,,,,,,
2026-09-18T22:26:15.821593+00:00,UNH,375.2099914550781,390.3019989013672,404.3267980957031,0.0271714533645576,380.5,374.2000122070313,-0.0206574303779349,376.86,375.2900085449219,0.0002132594857973,0.0043975602529215,376.00004177642745,0.0022871226809169,34.660250421683585,376.864990234375,372.4200134277344,False,False,-0.0022371602237344,True,WATCH,49.0,holding above VWAP; volume 34.7x; near support; enough daily range,373.2760581297615,380.4439418702385,384.027883740477,,,,,,,,,,,,,,,
2026-09-18T22:26:15.821593+00:00,AVGO,347.29998779296875,359.31799774169923,379.75519897460936,0.0317616999723909,350.94000244140625,345.3099975585937,-0.0176359460738473,358.02,352.0799865722656,0.0137633139859085,0.0308667220956586,357.5004797224189,0.0014532016236299,13.27028262789579,363.2817077636719,351.3500061035156,False,False,0.0038694069506552,True,WATCH,49.0,holding above VWAP; volume 13.3x; near support; enough daily range,354.0400366615596,361.9999633384404,365.9799266768807,,,,,,,,,,,,,,,
2026-09-18T22:26:15.821593+00:00,RGTI,15.989999771118164,15.673500108718873,15.953100128173828,0.0524122132682657,16.15999984741211,15.300000190734863,-0.0189853902917204,15.82,16.25,0.0162601771484363,-0.0106316306161069,15.435233818551756,0.0249277844424871,3.838424135268514,16.31999969482422,15.300000190734863,False,False,0.0098946721049744,True,WATCH,49.0,volume 3.8x; 15m momentum; near support; enough daily range,15.5827,16.057299999999998,16.2946,,,,,,,,,,,,,,,
2026-09-21T11:51:18.764658+00:00,NVDA,219.33999633789065,218.87849960327148,214.2725994873047,0.0270682065636466,219.9100036621093,217.1499938964844,0.0249942264993896,221.9487,219.3600006103516,9.12021190613288e-05,0.0118934243898258,219.7684544634733,0.0099206482652363,6.051879932888777,220.07000732421875,218.0399932861328,True,False,0.0063190921561568,False,ENTRY TRIGGERED,84.0,holding above VWAP; opening-range breakout; volume 6.1x; 15m momentum; positive 1M trend; enough daily range,219.8459863596535,224.0514136403465,226.15412728069305,2.9941383193776243,390.0,SIDEWAYS,ENTRY TRIGGERED,79.0,trend 3/3; confirmed OR breakout; time-normalized volume 3.0x; controlled 15m momentum; tradable daily range,219.8459863596535,224.0514136403465,226.15412728069305,ENTRY TRIGGERED,87.0,trend 3/3; confirmed OR breakout; time-normalized volume 3.0x; controlled 15m momentum; tradable daily range; sideways market: neutral; tight VWAP proximity; strong time-normalized volume,219.8459863596535,224.0514136403465,226.15412728069305
2026-09-21T11:51:18.764658+00:00,CAT,798.5700073242188,804.5904968261718,840.1399987792969,0.0267585534563609,813.9500122070312,795.0,-0.0078490345712927,809.5,800.7899780273438,0.0027799324827681,0.013686956153543,804.1625410576881,0.0066372886945116,3.421134872374937,809.4849853515625,799.5700073242188,True,False,0.0017014694508894,True,ENTRY TRIGGERED,71.0,holding above VWAP; opening-range breakout; volume 3.4x; near support; enough daily range,801.9186328419765,817.0813671580235,824.6627343160469,0.7510561981680529,390.0,SIDEWAYS,NO TRADE,43.0,confirmed OR breakout; near support; tradable daily range,801.9186328419765,817.0813671580235,824.6627343160469,NO TRADE,47.0,confirmed OR breakout; near support; tradable daily range; sideways market: neutral; tight VWAP proximity,801.9186328419765,817.0813671580235,824.6627343160469
2026-09-21T11:51:18.764658+00:00,AMD,545.0900268554688,490.7535003662109,495.8470031738281,0.0409617583923675,551.4199829101562,527.5999755859375,0.1924764996247545,558.8,547.5599975585938,0.0045313078233586,0.025151759285749,548.2804344165296,0.0191864690460186,5.73787079856153,552.9500122070312,544.0,True,False,0.0109269667263665,False,ENTRY TRIGGERED,70.0,opening-range breakout; volume 5.7x; 15m momentum; positive 1M trend; enough daily range,550.7886992936207,566.8113007063793,574.8226014127586,3.41434437629227,390.0,SIDEWAYS,NO TRADE,26.0,trend 3/3; time-normalized volume 3.4x; controlled 15m momentum; tradable daily range; too extended from VWAP,550.7886992936207,566.8113007063793,574.8226014127586,NO TRADE,30.0,trend 3/3; time-normalized volume 3.4x; controlled 15m momentum; tradable daily range; too extended from VWAP; sideways market: neutral; strong time-normalized volume,550.7886992936207,566.8113007063793,574.8226014127586
2026-09-21T11:51:18.764658+00:00,MU,977.5,959.6005004882812,927.257001953125,0.0439620107553891,986.2000122070312,953.5,0.0425625506509474,1015.0675,981.7100219726562,0.0043069278492646,0.0384322250639386,996.8410162378256,0.0182842433901475,3.290545918558777,996.4000244140624,977.9249877929688,True,False,0.006187210048038,False,ENTRY TRIGGERED,70.0,opening-range breakout; volume 3.3x; 15m momentum; positive 1M trend; enough daily range,999.8414875,1030.2935125,1045.5195250000002,2.4014658945732488,390.0,SIDEWAYS,NO TRADE,26.0,trend 3/3; time-normalized volume 2.4x; controlled 15m momentum; tradable daily range; too extended from VWAP,999.8414875,1030.2935125,1045.5195250000002,NO TRADE,30.0,trend 3/3; time-normalized volume 2.4x; controlled 15m momentum; tradable daily range; too extended from VWAP; sideways market: neutral; strong time-normalized volume,999.8414875,1030.2935125,1045.5195250000002
2026-09-21T11:51:18.764658+00:00,PLTR,176.24000549316406,175.895499420166,158.2591993713379,0.0403500141093825,177.8800048828125,172.60699462890625,0.0211542454228239,177.8,177.0399932861328,0.0045391952339661,0.0088515346017534,175.4276064731374,0.0135234902565115,3.408101554086524,177.75,172.0,True,False,0.0038528103060939,True,ENTRY TRIGGERED,68.0,opening-range breakout; volume 3.4x; near support; positive 1M trend; enough daily range,175.28901862197313,180.3109813780269,182.8219627560537,1.6614977313759236,390.0,SIDEWAYS,ENTRY TRIGGERED,75.0,trend 3/3; confirmed OR breakout; time-normalized volume 1.7x; controlled 15m momentum; near support; tradable daily range,175.28901862197313,180.3109813780269,182.8219627560537,ENTRY TRIGGERED,79.0,trend 3/3; confirmed OR breakout; time-normalized volume 1.7x; controlled 15m momentum; near support; tradable daily range; sideways market: neutral; tight VWAP proximity,175.28901862197313,180.3109813780269,182.8219627560537
2026-09-21T11:51:18.764658+00:00,QQQ,716.9199829101562,713.2354949951172,709.9511975097656,0.0116042132166406,718.0399780273438,713.3200073242188,0.0147975463683209,721.9707,718.8400268554688,0.0026781844432883,0.0070450220530073,718.1669319419924,0.0052964956875998,5.150736745783751,719.5399780273438,716.6199951171875,True,False,0.0024099282647178,False,WATCH,67.0,holding above VWAP; opening-range breakout; volume 5.2x; positive 1M trend,717.6388757999999,726.3025242,730.6343484,1.8807441753224432,390.0,SIDEWAYS,ENTRY TRIGGERED,66.0,trend 3/3; confirmed OR breakout; time-normalized volume 1.9x; controlled 15m momentum,717.6388757999999,726.3025242,730.6343484,ENTRY TRIGGERED,70.0,trend 3/3; confirmed OR breakout; time-normalized volume 1.9x; controlled 15m momentum; sideways market: neutral; tight VWAP proximity,717.6388757999999,726.3025242,730.6343484
2026-09-21T11:51:18.764658+00:00,GE,313.4700012207031,330.98699951171875,348.08980041503906,0.0261519714997372,318.67999267578125,313.4700012207031,-0.0881210084259822,314.27,313.6300048828125,0.0005104273502609,0.0025520744447045,312.5046388030897,0.0056490719743289,3.3839142237358164,314.0400085449219,309.6224975585937,True,False,0.000923590685792,True,WATCH,67.0,holding above VWAP; opening-range breakout; volume 3.4x; near support; enough daily range,311.39342697087216,317.1465730291278,320.02314605825563,0.9828471378205452,390.0,SIDEWAYS,NO TRADE,37.0,confirmed OR breakout; near support; tradable daily range,311.39342697087216,317.1465730291278,320.02314605825563,NO TRADE,41.0,confirmed OR breakout; near support; tradable daily range; sideways market: neutral; tight VWAP proximity,311.39342697087216,317.1465730291278,320.02314605825563
2026-09-21T11:51:18.764658+00:00,SPY,762.5999755859375,764.3034942626953,759.7309985351562,0.0085824874350376,763.5700073242188,759.9600219726562,-0.0011932509489422,762.59,761.3099975585938,-0.0016915526732774,-1.3081020530880672e-05,760.1797040999132,0.003170692254854,3.736775829752894,761.760009765625,758.9600219726562,True,False,0.0015497916984137,True,WATCH,64.0,holding above VWAP; opening-range breakout; volume 3.7x; near support,758.9600219726562,766.2199780273438,769.8499560546876,1.1911724716639862,390.0,SIDEWAYS,NO TRADE,38.0,confirmed OR breakout; near support,758.9600219726562,766.2199780273438,769.8499560546876,NO TRADE,42.0,confirmed OR breakout; near support; sideways market: neutral; tight VWAP proximity,758.9600219726562,766.2199780273438,769.8499560546876
2026-09-21T11:51:18.764658+00:00,ASML,1629.6700439453125,1689.396014404297,1722.15,0.0335791181505237,1638.699951171875,1614.02001953125,-0.0402157402357562,1675.0,1629.8199462890625,9.198324796289016e-05,0.0278154195833084,1652.3051475681218,0.01373526703907,6.819742151132092,1653.199951171875,1628.27001953125,True,False,0.0050522892194415,True,WATCH,63.0,opening-range breakout; volume 6.8x; 15m momentum; near support; enough daily range,1655.3142419842554,1694.6857580157446,1714.3715160314891,3.4606274397054104,390.0,SIDEWAYS,ENTRY TRIGGERED,65.0,confirmed OR breakout; time-normalized volume 3.5x; controlled 15m momentum; near support; tradable daily range,1655.3142419842554,1694.6857580157446,1714.3715160314891,ENTRY TRIGGERED,73.0,confirmed OR breakout; time-normalized volume 3.5x; controlled 15m momentum; near support; tradable daily range; sideways market: neutral; tight VWAP proximity; strong time-normalized volume,1655.3142419842554,1694.6857580157446,1714.3715160314891
2026-09-21T11:51:18.764658+00:00,ORCL,150.58999633789062,149.41100006103517,141.00240005493163,0.0546896520617336,152.0,146.14999389648438,0.0389948124201187,147.74,150.47000122070312,-0.0007968332565614,-0.0189255356079287,146.92022496532212,0.0055797289642822,12.367542333422644,150.89999389648438,144.4199981689453,False,False,0.0002708398956285,True,WATCH,60.0,holding above VWAP; volume 12.4x; near support; positive 1M trend; enough daily range,145.5239,149.95610000000002,152.17220000000003,3.49827180714922,390.0,SIDEWAYS,NO TRADE,43.0,trend 2/3; time-normalized volume 3.5x; near support; tradable daily range,145.5239,149.95610000000002,152.17220000000003,WATCH,51.0,trend 2/3; time-normalized volume 3.5x; near support; tradable daily range; sideways market: neutral; tight VWAP proximity; strong time-normalized volume,145.5239,149.95610000000002,152.17220000000003
2026-09-21T11:51:18.764658+00:00,JPM,349.3099975585937,354.47100219726565,353.1990002441406,0.0200415471997981,353.489990234375,345.2699890136719,-0.0053476729640551,348.79,347.8900146484375,-0.0040651081276826,-0.0014886420721654,347.3427094166358,0.0041667510044904,4.164590695259176,348.1499938964844,345.010009765625,True,False,-4.298297356986058e-05,True,WATCH,60.0,holding above VWAP; opening-range breakout; volume 4.2x; near support,346.34339806326386,351.2366019367362,353.68320387347234,1.1363111853250043,390.0,SIDEWAYS,NO TRADE,37.0,confirmed OR breakout; near support; tradable daily range,346.34339806326386,351.2366019367362,353.68320387347234,NO TRADE,41.0,confirmed OR breakout; near support; tradable daily range; sideways market: neutral; tight VWAP proximity,346.34339806326386,351.2366019367362,353.68320387347234
2026-09-21T11:51:18.764658+00:00,NBIS,217.9900054931641,217.3959999084473,211.95880004882807,0.0677554095162271,232.8500061035156,209.6499938964844,0.0155830842136663,223.35,218.1499938964844,0.0007339254061595,0.0245882580474727,218.04572307259687,0.0243264433379282,2.113290863288898,220.1999969482422,211.30799865722656,True,False,0.0008626139755278,False,WATCH,60.0,opening-range breakout; volume 2.1x; positive 1M trend; enough daily range,219.99975,226.70025,230.0505,1.1877746861834324,390.0,SIDEWAYS,NO TRADE,0.0,trend 3/3; too extended from VWAP,219.99975,226.70025,230.0505,NO TRADE,0.0,trend 3/3; too extended from VWAP; sideways market: neutral; volatility gate failed,219.99975,226.70025,230.0505
2026-09-21T11:51:18.764658+00:00,NFLX,75.30999755859375,78.9150001525879,75.71719970703126,0.0321053853046252,76.95999908447266,75.30000305175781,-0.104192644593402,71.92,71.2699966430664,-0.0536449481675269,-0.0450139114127073,71.56826967526268,0.004914612667503,6.91615076039512,71.87000274658203,70.11000061035156,True,False,0.0032782653192415,False,WATCH,59.0,holding above VWAP; opening-range breakout; volume 6.9x; enough daily range,71.11184324111197,72.72815675888803,73.53631351777607,2.4805100158831324,390.0,SIDEWAYS,WATCH,61.0,confirmed OR breakout; time-normalized volume 2.5x; controlled 15m momentum; tradable daily range,71.11184324111197,72.72815675888803,73.53631351777607,ENTRY TRIGGERED,69.0,confirmed OR breakout; time-normalized volume 2.5x; controlled 15m momentum; tradable daily range; sideways market: neutral; tight VWAP proximity; strong time-normalized volume,71.11184324111197,72.72815675888803,73.53631351777607
2026-09-21T11:51:18.764658+00:00,SOUN,6.0,6.652500009536743,6.675099964141846,0.0472738061632428,6.110000133514404,5.989999771118164,-0.1492109028922124,5.95,6.059999942779541,0.0099999904632568,-0.0083333333333333,5.896712991792528,0.0090367308501602,2.082768256532242,6.079999923706055,5.849999904632568,False,False,0.0076206246558476,True,WATCH,59.0,holding above VWAP; volume 2.1x; 15m momentum; near support; enough daily range,5.86075,6.03925,6.1285,1.176045355786428,390.0,SIDEWAYS,NO TRADE,15.0,controlled 15m momentum; near support; tradable daily range,5.86075,6.03925,6.1285,NO TRADE,19.0,controlled 15m momentum; near support; tradable daily range; sideways market: neutral; tight VWAP proximity,5.86075,6.03925,6.1285
2026-09-21T11:51:18.764658+00:00,XOM,163.27000427246094,162.65550155639647,157.78500061035157,0.0238343122706046,163.38999938964844,161.4499969482422,-0.0157087012111336,163.0,162.5,-0.0047161404563692,-0.0016537285808504,162.78084090560836,0.0013463445278472,41.63089936106817,163.39999389648438,162.22000122070312,False,False,0.0015976065998526,True,WATCH,50.0,holding above VWAP; volume 41.6x; near support,162.22000122070312,163.77999877929688,164.55999755859375,6.214187826995641,390.0,SIDEWAYS,NO TRADE,43.0,trend 2/3; time-normalized volume 6.2x; near support; tradable daily range,162.22000122070312,163.77999877929688,164.55999755859375,WATCH,51.0,trend 2/3; time-normalized volume 6.2x; near support; tradable daily range; sideways market: neutral; tight VWAP proximity; strong time-normalized volume,162.22000122070312,163.77999877929688,164.55999755859375
2026-09-21T11:51:18.764658+00:00,META,682.3099975585938,614.6100006103516,607.3789965820313,0.0319335409076706,683.2000122070312,667.0499877929688,0.2197020668623606,666.9137,686.8200073242188,0.0066099130626291,-0.0225649596425144,673.9986708116171,-0.0105118468602994,3.535582479113456,690.1500244140625,668.4906005859375,False,False,0.0017027706648429,True,WATCH,50.0,volume 3.5x; near support; positive 1M trend; enough daily range,659.4597794277073,674.3676205722926,681.8215411445852,1.6151742895789296,390.0,SIDEWAYS,NO TRADE,41.0,trend 3/3; time-normalized volume 1.6x; near support; tradable daily range,659.4597794277073,674.3676205722926,681.8215411445852,NO TRADE,41.0,trend 3/3; time-normalized volume 1.6x; near support; tradable daily range; sideways market: neutral,659.4597794277073,674.3676205722926,681.8215411445852
2026-09-21T11:51:18.764658+00:00,TSLA,366.2000122070313,359.6004989624024,350.2455987548828,0.0388000384868624,374.1199951171875,363.2200012207031,0.0554573171270873,364.0,369.2799987792969,0.0084106675849162,-0.0060076792290969,364.8055448148962,-0.0022081484953989,2.4687899644948748,370.8999938964844,364.3800048828125,False,False,-0.0019059726305442,True,WATCH,50.0,volume 2.5x; near support; positive 1M trend; enough daily range,359.0568750967737,368.9431249032263,373.8862498064526,1.7854038730125257,390.0,SIDEWAYS,NO TRADE,41.0,trend 3/3; time-normalized volume 1.8x; near support; tradable daily range,359.0568750967737,368.9431249032263,373.8862498064526,NO TRADE,41.0,trend 3/3; time-normalized volume 1.8x; near support; tradable daily range; sideways market: neutral,359.0568750967737,368.9431249032263,373.8862498064526
2026-09-21T11:51:18.764658+00:00,AVGO,347.29998779296875,359.31799774169923,379.75519897460936,0.0317613484886109,350.94000244140625,345.3099975585937,-0.0176359460738473,358.02,352.0799865722656,0.0137633139859085,0.0308667220956586,357.44084647276765,0.0016202779647245,3.7895813586943774,363.2817077636719,351.3500061035156,False,False,0.0038694069506552,True,WATCH,49.0,holding above VWAP; volume 3.8x; near support; enough daily range,354.0400807049376,361.9999192950624,365.9798385901247,1.7454988862574172,390.0,SIDEWAYS,NO TRADE,29.0,time-normalized volume 1.7x; controlled 15m momentum; near support; tradable daily range,354.0400807049376,361.9999192950624,365.9798385901247,NO TRADE,33.0,time-normalized volume 1.7x; controlled 15m momentum; near support; tradable daily range; sideways market: neutral; tight VWAP proximity,354.0400807049376,361.9999192950624,365.9798385901247
2026-09-21T11:51:18.764658+00:00,UNH,375.2099914550781,390.3019989013672,404.3267980957031,0.0271714533645576,380.5,374.2000122070313,-0.0206574303779349,376.86,375.2900085449219,0.0002132594857973,0.0043975602529215,375.2705138584489,0.0042355742933499,3.335010480761585,376.864990234375,372.4200134277344,False,False,-0.0022371602237344,True,WATCH,49.0,holding above VWAP; volume 3.3x; near support; enough daily range,373.2760581297615,380.4439418702385,384.027883740477,0.8023046143079667,390.0,SIDEWAYS,NO TRADE,9.0,near support; tradable daily range,373.2760581297615,380.4439418702385,384.027883740477,NO TRADE,13.0,near support; tradable daily range; sideways market: neutral; tight VWAP proximity,373.2760581297615,380.4439418702385,384.027883740477
2026-09-21T18:34:56.418343+00:00,SPY,761.6900024414062,764.7039947509766,760.1065979003906,0.0093120043690293,762.0,757.969970703125,0.0104607559840312,773.7349853515625,766.2509765625,0.0059879663727693,0.0158134974485013,770.0801691833262,0.0047460203683886,0.4554097681952463,767.8099975585938,766.030029296875,True,False,-0.0001550615040493,True,WATCH,55.0,holding above VWAP; opening-range breakout; near support; positive 1M trend,769.0925754394531,778.3773952636719,783.0198051757814,0.318405850181614,305.0,BULL_TREND,WATCH,50.0,trend 3/3; confirmed OR breakout; near support,769.0925754394531,778.3773952636719,783.0198051757814,WATCH,62.0,trend 3/3; confirmed OR breakout; near support; broad market bull trend; tight VWAP proximity,769.0925754394531,778.3773952636719,783.0198051757814
2026-09-21T18:34:56.418343+00:00,NVDA,222.2700042724609,219.51074981689453,214.60069946289065,0.0270391760518856,222.72999572753903,218.02999877929688,0.0588906678491658,227.3650054931641,222.9349975585937,0.0029918264873818,0.0229225766984626,224.9676765855667,0.0106563260286218,0.6112084800852547,224.92999267578125,221.5599975585937,True,False,-0.0005494746889166,False,WATCH,54.0,holding above VWAP; opening-range breakout; positive 1M trend; enough daily range,225.21328864911536,229.5167223372128,231.66843918126145,0.9652288574303148,300.0,BULL_TREND,WATCH,51.0,trend 3/3; confirmed OR breakout; tradable daily range,225.21328864911536,229.5167223372128,231.66843918126145,WATCH,63.0,trend 3/3; confirmed OR breakout; tradable daily range; broad market bull trend; tight VWAP proximity,225.21328864911536,229.5167223372128,231.66843918126145
2026-09-21T18:34:56.418343+00:00,MSFT,493.7799987792969,498.2427505493164,466.9364996337891,0.0201232007962191,498.6499938964844,491.1000061035156,0.0303265439025215,497.8949890136719,495.5799865722656,0.003645323418159,0.0083336511088905,494.769448412884,0.0063171657239831,0.5980902666247546,496.5,491.5,True,False,-0.0002509939415233,True,WATCH,51.0,holding above VWAP; opening-range breakout; near support; positive 1M trend,494.38825471989816,501.4017233074456,504.9084576012193,1.2694594792433658,300.0,BULL_TREND,WATCH,49.0,trend 2/3; confirmed OR breakout; near support; tradable daily range,494.38825471989816,501.4017233074456,504.9084576012193,WATCH,61.0,trend 2/3; confirmed OR breakout; near support; tradable daily range; broad market bull trend; tight VWAP proximity,494.38825471989816,501.4017233074456,504.9084576012193
2026-09-21T18:34:56.418343+00:00,AVGO,357.6099853515625,358.98499755859376,378.99159912109377,0.0312491115746216,363.2799987792969,351.3299865722656,-0.0180757319621613,361.7900085449219,358.8599853515625,0.0034954281233818,0.0116887765011652,358.27795540525415,0.0098025934520453,0.5953736901372136,359.8500061035156,353.5,True,False,-0.0003039108964283,True,WATCH,51.0,holding above VWAP; opening-range breakout; near support; enough daily range,357.83304282466065,365.7469742651831,369.7039399854443,1.1161084724726833,300.0,BULL_TREND,NO TRADE,43.0,confirmed OR breakout; near support; tradable daily range,357.83304282466065,365.7469742651831,369.7039399854443,WATCH,55.0,confirmed OR breakout; near support; tradable daily range; broad market bull trend; tight VWAP proximity,357.83304282466065,365.7469742651831,369.7039399854443
2026-09-21T18:34:56.418343+00:00,ASML,1679.9200439453125,1686.8342651367188,1720.4541015625,0.0325708644883933,1681.6099853515625,1628.27001953125,-0.0290487283235153,1712.5250244140625,1693.4599609375,0.0080598579920438,0.0194086501832413,1694.41737833945,0.0106866503531486,0.5707804074851259,1699.4581298828125,1680.287109375,True,False,-0.0007555763823404,True,WATCH,51.0,holding above VWAP; opening-range breakout; near support; enough daily range,1693.002577237952,1732.047471590173,1751.5699187662835,1.022128448970023,300.0,BULL_TREND,NO TRADE,43.0,confirmed OR breakout; near support; tradable daily range,1693.002577237952,1732.047471590173,1751.5699187662835,WATCH,55.0,confirmed OR breakout; near support; tradable daily range; broad market bull trend; tight VWAP proximity,1693.002577237952,1732.047471590173,1751.5699187662835
2026-09-21T18:34:56.418343+00:00,WMT,106.7300033569336,106.23949966430663,109.77899948120115,0.0163964476765711,107.72000122070312,106.16999816894533,0.0363549120868593,107.47000122070312,106.16000366210938,-0.0053405760039001,0.0069333630703147,107.1668918122538,0.0028283866717002,0.4956062037243298,106.98500061035156,106.1500015258789,True,False,9.3077762103988e-05,True,WATCH,51.0,holding above VWAP; opening-range breakout; near support; positive 1M trend,106.82518121337893,108.11482122802734,108.75964123535157,0.898791207672761,300.0,BULL_TREND,WATCH,49.0,trend 2/3; confirmed OR breakout; near support; tradable daily range,106.82518121337893,108.11482122802734,108.75964123535157,WATCH,61.0,trend 2/3; confirmed OR breakout; near support; tradable daily range; broad market bull trend; tight VWAP proximity,106.82518121337893,108.11482122802734,108.75964123535157
2026-09-21T18:34:56.418343+00:00,AMZN,253.7100067138672,256.11709518432616,256.0990380859375,0.0208815324667185,255.42999267578125,251.8800048828125,-0.0012685863056397,258.3019104003906,256.5199890136719,0.0110755674803704,0.0180990247329981,256.4870504851945,0.0070758344788282,0.5397346212815979,256.6499938964844,253.6000061035156,True,False,-0.0001861649002854,True,WATCH,48.0,holding above VWAP; opening-range breakout; near support,256.4141014955062,260.18971930527505,262.07752821015947,1.0261397587800052,300.0,BULL_TREND,WATCH,49.0,trend 2/3; confirmed OR breakout; near support; tradable daily range,256.4141014955062,260.18971930527505,262.07752821015947,WATCH,61.0,trend 2/3; confirmed OR breakout; near support; tradable daily range; broad market bull trend; tight VWAP proximity,256.4141014955062,260.18971930527505,262.07752821015947
2026-09-21T22:33:11.204275+00:00,PLTR,177.63999938964844,176.05299911499023,159.38519927978516,0.0410251936047527,177.75,172.0,0.0175058011211826,183.269,178.72500610351562,0.0061078964061875,0.0316876864990554,181.6009200928214,0.0091854155051966,6.333970581815026,182.03909301757807,176.75999450683594,True,False,0.0045990646160352,False,ENTRY TRIGGERED,84.0,holding above VWAP; opening-range breakout; volume 6.3x; 15m momentum; positive 1M trend; enough daily range,180.6374738276377,185.9005261723623,188.5320523447246,2.55679533608706,390.0,BULL_TREND,ENTRY TRIGGERED,79.0,trend 3/3; confirmed OR breakout; time-normalized volume 2.6x; controlled 15m momentum; tradable daily range,180.6374738276377,185.9005261723623,188.5320523447246,ENTRY TRIGGERED,95.0,trend 3/3; confirmed OR breakout; time-normalized volume 2.6x; controlled 15m momentum; tradable daily range; broad market bull trend; tight VWAP proximity; strong time-normalized volume,180.6374738276377,185.9005261723623,188.5320523447246
2026-09-21T22:33:11.204275+00:00,MSFT,493.7799987792969,498.4285003662109,467.0107995605469,0.0204689279472302,498.6499938964844,491.1000061035156,0.0380142278959112,501.69,495.5799865722656,0.003645323418159,0.0160192823529869,496.2115097339362,0.0110406352101772,3.2460280210123003,496.5,491.5,True,False,0.0017971433928825,True,ENTRY TRIGGERED,75.0,holding above VWAP; opening-range breakout; volume 3.2x; near support; positive 1M trend,498.0958302383539,505.28416976164607,508.87833952329214,1.0512538759136054,390.0,BULL_TREND,WATCH,55.0,trend 3/3; confirmed OR breakout; near support; tradable daily range,498.0958302383539,505.28416976164607,508.87833952329214,WATCH,67.0,trend 3/3; confirmed OR breakout; near support; tradable daily range; broad market bull trend; tight VWAP proximity,498.0958302383539,505.28416976164607,508.87833952329214
2026-09-21T22:33:11.204275+00:00,SPY,761.6900024414062,764.692495727539,760.1019982910157,0.0093964054481314,762.0,757.969970703125,0.0101604105868244,773.17,766.2509765625,0.0059879663727693,0.015071745095508,771.3767300211483,0.0023247654603251,3.225188085097656,767.8099975585938,766.030029296875,True,False,-0.0006850358002701,True,ENTRY TRIGGERED,75.0,holding above VWAP; opening-range breakout; volume 3.2x; near support; positive 1M trend,768.53098,777.8090199999999,782.4480399999999,1.1320946169289383,390.0,BULL_TREND,WATCH,50.0,trend 3/3; confirmed OR breakout; near support,768.53098,777.8090199999999,782.4480399999999,WATCH,62.0,trend 3/3; confirmed OR breakout; near support; broad market bull trend; tight VWAP proximity,768.53098,777.8090199999999,782.4480399999999
2026-09-21T22:33:11.204275+00:00,NVDA,222.2700042724609,219.51149978637696,214.6009994506836,0.027305905002872,222.72999572753903,218.02999877929688,0.0589605234264907,227.3992,222.9349975585937,0.0029918264873818,0.0230764189001932,225.82071344091105,0.0069899989909563,7.202485180336585,224.92999267578125,221.5599975585937,True,False,0.0015379737659046,False,ENTRY TRIGGERED,74.0,holding above VWAP; opening-range breakout; volume 7.2x; positive 1M trend; enough daily range,225.2259306664748,229.5724693335252,231.7457386670504,2.758264851517138,390.0,BULL_TREND,ENTRY TRIGGERED,73.0,trend 3/3; confirmed OR breakout; time-normalized volume 2.8x; tradable daily range,225.2259306664748,229.5724693335252,231.7457386670504,ENTRY TRIGGERED,89.0,trend 3/3; confirmed OR breakout; time-normalized volume 2.8x; tradable daily range; broad market bull trend; tight VWAP proximity; strong time-normalized volume,225.2259306664748,229.5724693335252,231.7457386670504
2026-09-21T22:33:11.204275+00:00,WMT,106.7300033569336,106.2379997253418,109.77839950561524,0.0163964476765711,107.72000122070312,106.16999816894533,0.0360656278035451,107.36,106.16000366210938,-0.0053405760039001,0.0059027136067777,107.28460665315863,0.0007027415133757,11.929453185124554,106.98500061035156,106.1500015258789,True,False,-0.0011629586420593,True,ENTRY TRIGGERED,71.0,holding above VWAP; opening-range breakout; volume 11.9x; near support; positive 1M trend,106.71584,108.00416,108.64832,3.0549545968401333,390.0,BULL_TREND,ENTRY TRIGGERED,71.0,trend 2/3; confirmed OR breakout; time-normalized volume 3.1x; near support; tradable daily range,106.71584,108.00416,108.64832,ENTRY TRIGGERED,87.0,trend 2/3; confirmed OR breakout; time-normalized volume 3.1x; near support; tradable daily range; broad market bull trend; tight VWAP proximity; strong time-normalized volume,106.71584,108.00416,108.64832
2026-09-21T22:33:11.204275+00:00,AVGO,357.6099853515625,359.02849731445315,379.0089990234375,0.0316486073610653,363.2799987792969,351.3299865722656,-0.0157145022475083,362.411,358.8599853515625,0.0034954281233818,0.013425281298333,359.5998477504331,0.0078174456055883,2.86859466923168,359.8500061035156,353.5,True,False,-0.0017875766070565,True,ENTRY TRIGGERED,71.0,holding above VWAP; opening-range breakout; volume 2.9x; near support; enough daily range,358.3965687951841,366.4254312048159,370.43986240963176,1.1803430179512802,390.0,BULL_TREND,NO TRADE,43.0,confirmed OR breakout; near support; tradable daily range,358.3965687951841,366.4254312048159,370.43986240963176,WATCH,55.0,confirmed OR breakout; near support; tradable daily range; broad market bull trend; tight VWAP proximity,358.3965687951841,366.4254312048159,370.43986240963176
2026-09-21T22:33:11.204275+00:00,ASML,1679.9200439453125,1686.774011230469,1720.43,0.0329003869740417,1681.6099853515625,1628.27001953125,-0.0297319721425881,1711.9448,1693.4599609375,0.0080598579920438,0.0190632620701858,1700.0468876087573,0.0069985789674178,2.7356478117982768,1699.4581298828125,1680.287109375,True,False,-0.0018687720423509,True,ENTRY TRIGGERED,71.0,holding above VWAP; opening-range breakout; volume 2.7x; near support; enough daily range,1692.2315237606306,1731.6580762393694,1751.3713524787388,0.8226468186929708,390.0,BULL_TREND,NO TRADE,43.0,confirmed OR breakout; near support; tradable daily range,1692.2315237606306,1731.6580762393694,1751.3713524787388,WATCH,55.0,confirmed OR breakout; near support; tradable daily range; broad market bull trend; tight VWAP proximity,1692.2315237606306,1731.6580762393694,1751.3713524787388
2026-09-21T22:33:11.204275+00:00,AMZN,253.7100067138672,256.1245002746582,256.1020001220703,0.0210025910049828,255.42999267578125,251.8800048828125,-0.0006959466124698,258.25,256.5199890136719,0.0110755674803704,0.0178944194789012,257.11259986192374,0.0044237432886877,4.567960244866469,256.6499938964844,253.6000061035156,True,False,-0.0010058015388291,True,ENTRY TRIGGERED,68.0,holding above VWAP; opening-range breakout; volume 4.6x; near support,256.35162830553713,260.14837169446287,262.04674338892573,1.5559334389105532,390.0,BULL_TREND,ENTRY TRIGGERED,63.0,trend 2/3; confirmed OR breakout; time-normalized volume 1.6x; near support; tradable daily range,256.35162830553713,260.14837169446287,262.04674338892573,ENTRY TRIGGERED,75.0,trend 2/3; confirmed OR breakout; time-normalized volume 1.6x; near support; tradable daily range; broad market bull trend; tight VWAP proximity,256.35162830553713,260.14837169446287,262.04674338892573
2026-09-21T22:33:11.204275+00:00,AAPL,336.1300048828125,324.1214996337891,320.6153991699219,0.0225168026897377,338.489990234375,332.5299987792969,0.0957814911854166,338.85,335.20001220703125,-0.0027667648298921,0.0080920925763108,337.73161242004926,0.003311468452529,8.860522879770858,336.5599975585937,333.04998779296875,True,False,-0.0013998738375979,False,WATCH,67.0,holding above VWAP; opening-range breakout; volume 8.9x; positive 1M trend,336.17956349300385,341.5204365069962,344.1908730139924,3.1997291004977786,390.0,BULL_TREND,ENTRY TRIGGERED,73.0,trend 3/3; confirmed OR breakout; time-normalized volume 3.2x; tradable daily range,336.17956349300385,341.5204365069962,344.1908730139924,ENTRY TRIGGERED,89.0,trend 3/3; confirmed OR breakout; time-normalized volume 3.2x; tradable daily range; broad market bull trend; tight VWAP proximity; strong time-normalized volume,336.17956349300385,341.5204365069962,344.1908730139924
2026-09-21T22:33:11.204275+00:00,QQQ,721.4500122070312,714.6369934082031,710.2703967285156,0.0132491119135041,721.72998046875,715.0800170898438,0.0392884729841327,740.99,727.9500122070312,0.0090096332247822,0.0270843266509799,736.9240971992348,0.0055173969968116,4.013777439534658,733.0700073242188,727.8200073242188,True,False,-0.0008091085825587,False,WATCH,67.0,holding above VWAP; opening-range breakout; volume 4.0x; positive 1M trend,736.5440600000001,745.43594,749.8818799999999,1.439421921048385,390.0,BULL_TREND,WATCH,60.0,trend 3/3; confirmed OR breakout; time-normalized volume 1.4x,736.5440600000001,745.43594,749.8818799999999,ENTRY TRIGGERED,72.0,trend 3/3; confirmed OR breakout; time-normalized volume 1.4x; broad market bull trend; tight VWAP proximity,736.5440600000001,745.43594,749.8818799999999
2026-09-21T22:33:11.204275+00:00,TSLA,364.2699890136719,360.22249908447264,349.59639831542967,0.0374996620481125,370.8999938964844,360.75,0.0342832027327388,375.4,371.6400146484375,0.0202323162957269,0.0305542902846998,375.0417263459352,0.0009552901154639,3.5729252650961967,378.1499938964844,371.1099853515625,False,False,0.004925833753989,False,WATCH,66.0,holding above VWAP; volume 3.6x; 15m momentum; positive 1M trend; enough daily range,371.1099853515625,379.6900146484375,383.9800292968749,2.5300547983701,390.0,BULL_TREND,WATCH,51.0,trend 3/3; time-normalized volume 2.5x; controlled 15m momentum; tradable daily range,371.1099853515625,379.6900146484375,383.9800292968749,WATCH,67.0,trend 3/3; time-normalized volume 2.5x; controlled 15m momentum; tradable daily range; broad market bull trend; tight VWAP proximity; strong time-normalized volume,371.1099853515625,379.6900146484375,383.9800292968749
2026-09-21T22:33:11.204275+00:00,ORCL,147.61000061035156,149.5154998779297,141.16080001831054,0.05593407875905,150.89999389648438,144.39999389648438,0.0142691084896038,148.68,148.92999267578125,0.0089424297809881,0.0072488272151216,148.438732571459,0.0016253670747616,19.050215129790352,149.08999633789062,146.16000366210938,False,False,0.0029681225750914,True,WATCH,60.0,holding above VWAP; volume 19.1x; near support; positive 1M trend; enough daily range,146.4498,150.9102,153.1404,3.510631215092164,390.0,BULL_TREND,WATCH,49.0,trend 2/3; time-normalized volume 3.5x; controlled 15m momentum; near support; tradable daily range,146.4498,150.9102,153.1404,WATCH,65.0,trend 2/3; time-normalized volume 3.5x; controlled 15m momentum; near support; tradable daily range; broad market bull trend; tight VWAP proximity; strong time-normalized volume,146.4498,150.9102,153.1404
2026-09-21T22:33:11.204275+00:00,COST,895.3099975585938,922.1394927978516,936.1839965820312,0.0144267681890666,898.4000244140625,890.5499877929688,-0.0519762912541477,898.48,891.0700073242188,-0.0047357789435357,0.0035406757995002,894.7014729789026,0.0042232265568054,2.288846826139096,893.7073974609375,885.5,True,False,-4.453938741488805e-05,True,WATCH,60.0,holding above VWAP; opening-range breakout; volume 2.3x; near support,893.08912,903.87088,909.26176,0.5376049240872998,390.0,BULL_TREND,NO TRADE,32.0,confirmed OR breakout; near support,893.08912,903.87088,909.26176,NO TRADE,44.0,confirmed OR breakout; near support; broad market bull trend; tight VWAP proximity,893.08912,903.87088,909.26176
2026-09-21T22:33:11.204275+00:00,GE,314.2699890136719,329.5190002441406,347.28460083007815,0.0259649471708047,314.5299987792969,309.6199951171875,-0.0842781690819445,319.01,317.5400085449219,0.0104051282195696,0.0150826077959416,318.75983769854383,0.0007847986849984,7.657175515212567,317.8284912109375,313.8099975585937,True,False,-0.0027175968261191,False,WATCH,59.0,holding above VWAP; opening-range breakout; volume 7.7x; enough daily range,316.11092277106457,321.9090772289354,324.80815445787084,1.855792696622572,390.0,BULL_TREND,WATCH,47.0,confirmed OR breakout; time-normalized volume 1.9x; tradable daily range,316.11092277106457,321.9090772289354,324.80815445787084,WATCH,59.0,confirmed OR breakout; time-normalized volume 1.9x; tradable daily range; broad market bull trend; tight VWAP proximity,316.11092277106457,321.9090772289354,324.80815445787084
2026-09-21T22:33:11.204275+00:00,NFLX,71.79000091552734,78.60350036621094,75.71699966430664,0.034674537241846,72.37999725341797,70.11000061035156,-0.0782761152681839,73.26,71.94000244140625,0.0020894487249749,0.0204763764552999,73.21108074288345,0.0006681947134252,5.913779451786547,72.87000274658203,71.79000091552734,True,False,-0.0038074641289298,False,WATCH,59.0,holding above VWAP; opening-range breakout; volume 5.9x; enough daily range,72.37091019058184,74.14908980941817,75.03817961883634,2.5463760501485178,390.0,BULL_TREND,WATCH,55.0,confirmed OR breakout; time-normalized volume 2.5x; tradable daily range,72.37091019058184,74.14908980941817,75.03817961883634,ENTRY TRIGGERED,71.0,confirmed OR breakout; time-normalized volume 2.5x; tradable daily range; broad market bull trend; tight VWAP proximity; strong time-normalized volume,72.37091019058184,74.14908980941817,75.03817961883634
2026-09-21T22:33:11.204275+00:00,MP,47.2599983215332,53.52699966430664,50.86679992675781,0.0527522709655138,50.20000076293945,47.2599983215332,-0.1673605223105161,50.09,48.584999084472656,0.0280364115530604,0.059881544201777,49.78438349254365,0.0061388026930597,5.567092905595119,49.90999984741211,48.584999084472656,True,False,-0.0019924014633418,False,WATCH,59.0,holding above VWAP; opening-range breakout; volume 5.6x; enough daily range,49.33865,50.841350000000006,51.59270000000001,1.558061913381421,390.0,BULL_TREND,NO TRADE,29.0,confirmed OR breakout; time-normalized volume 1.6x; tradable daily range; already >5% up,49.33865,50.841350000000006,51.59270000000001,NO TRADE,41.0,confirmed OR breakout; time-normalized volume 1.6x; tradable daily range; already >5% up; broad market bull trend; tight VWAP proximity,49.33865,50.841350000000006,51.59270000000001
2026-09-21T22:33:11.204275+00:00,RGTI,15.760000228881836,15.604500150680542,15.95290012359619,0.0548087219981143,16.31999969482422,15.09000015258789,-0.077051880096247,16.5267,16.299999237060547,0.0342638959604268,0.0486484619278817,16.346414385615017,0.0110290617949608,2.857050971879643,16.559999465942383,16.15999984741211,False,False,0.0052736899711636,False,WATCH,59.0,holding above VWAP; volume 2.9x; 15m momentum; enough daily range,16.2787995,16.774600500000002,17.022501000000002,1.3194538237280318,390.0,BULL_TREND,NO TRADE,23.0,trend 2/3; controlled 15m momentum; tradable daily range,16.2787995,16.774600500000002,17.022501000000002,NO TRADE,35.0,trend 2/3; controlled 15m momentum; tradable daily range; broad market bull trend; tight VWAP proximity,16.2787995,16.774600500000002,17.022501000000002
2026-09-21T22:33:11.204275+00:00,NBIS,223.5399932861328,218.07949981689453,212.2218002319336,0.0689426139020836,224.6499938964844,210.3000030517578,0.0623830505377656,232.6,225.9900054931641,0.0109600620945498,0.0405296903729897,230.7060219222262,0.0082094869565749,1.2876678836162867,229.75,221.3000030517578,True,False,2.149134448559132e-05,False,WATCH,54.0,holding above VWAP; opening-range breakout; positive 1M trend; enough daily range,229.111,236.089,239.578,0.8183929879893357,390.0,BULL_TREND,WATCH,46.0,trend 3/3; confirmed OR breakout,229.111,236.089,239.578,WATCH,50.0,trend 3/3; confirmed OR breakout; broad market bull trend; tight VWAP proximity; volatility gate failed,229.111,236.089,239.578
2026-09-21T22:33:11.204275+00:00,SNDK,1791.8199462890625,1599.9477416992188,1501.2156909179687,0.0563655480976893,1797.0,1616.0,0.1068618510913159,1769.93,1826.6600341796875,0.0194439669916501,-0.0122165992930246,1776.2310935638204,-0.0035474514474228,2.680225920621444,1834.489990234375,1767.31884765625,False,False,0.0081624656034071,False,WATCH,52.0,volume 2.7x; 15m momentum; positive 1M trend; enough daily range,1767.31884765625,1777.00972,1784.08944,1.2283217661166117,390.0,BULL_TREND,NO TRADE,29.0,trend 3/3; controlled 15m momentum; tradable daily range,1767.31884765625,1777.00972,1784.08944,NO TRADE,37.0,trend 3/3; controlled 15m momentum; tradable daily range; broad market bull trend,1767.31884765625,1777.00972,1784.08944
2026-09-21T22:33:11.204275+00:00,SOUN,5.929999828338623,6.595000004768371,6.6656999683380125,0.0473500345658128,6.079999923706055,5.829999923706055,-0.1571038344807064,6.18,6.099999904632568,0.0286678045893928,0.0421585461885953,6.113109989113693,0.0109420591164604,1.4330629881356909,6.130000114440918,6.039999961853027,True,False,0.0008096856859434,False,WATCH,51.0,holding above VWAP; opening-range breakout; volume 1.4x; enough daily range,6.0873,6.2727,6.365399999999999,0.7080306175060088,390.0,BULL_TREND,NO TRADE,33.0,confirmed OR breakout; tradable daily range,6.0873,6.2727,6.365399999999999,NO TRADE,45.0,confirmed OR breakout; tradable daily range; broad market bull trend; tight VWAP proximity,6.0873,6.2727,6.365399999999999
2026-09-21T22:33:11.204275+00:00,JPM,349.6700134277344,354.49400329589844,353.510400390625,0.0203947317647132,349.6700134277344,345.010009765625,0.0013084418630913,352.1,353.6700134277344,0.0114393566688459,0.0069493707751633,352.01849816013373,0.0002315271506818,9.673812365061568,354.5,351.9599914550781,False,False,5.684341200207221e-05,True,WATCH,49.0,holding above VWAP; volume 9.7x; near support; positive 1M trend,351.9599914550781,353.5084,354.9168,2.3833684385707405,390.0,BULL_TREND,NO TRADE,37.0,time-normalized volume 2.4x; near support; tradable daily range,351.9599914550781,353.5084,354.9168,WATCH,53.0,time-normalized volume 2.4x; near support; tradable daily range; broad market bull trend; tight VWAP proximity; strong time-normalized volume,351.9599914550781,353.5084,354.9168
2026-09-22T17:35:56.195699+00:00,WMT,107.44000244140624,106.40749969482422,109.68039947509766,0.0166471654255746,107.76000213623048,106.08000183105467,0.0318339699281917,109.87999725341795,108.23799896240234,0.0074273687906074,0.0227103011594065,108.68697386162022,0.0109766915887887,0.6078989806410758,108.36000061035156,107.61000061035156,True,False,-0.0001820224948425,True,WATCH,55.0,holding above VWAP; opening-range breakout; near support; positive 1M trend,109.22071726989746,110.53927723693847,111.19855722045898,1.1642108962718796,245.0,BULL_TREND,WATCH,55.0,trend 3/3; confirmed OR breakout; near support; tradable daily range,109.22071726989746,110.53927723693847,111.19855722045898,WATCH,67.0,trend 3/3; confirmed OR breakout; near support; tradable daily range; broad market bull trend; tight VWAP proximity,109.22071726989746,110.53927723693847,111.19855722045898
2026-09-22T17:35:56.195699+00:00,ASML,1711.3199462890625,1686.1920104980468,1720.4789990234376,0.0323576561913126,1722.3299560546875,1677.0899658203125,-0.0066891638071727,1728.489990234375,1696.0799560546875,-0.0089054009260058,0.0100332167474266,1721.433937356892,0.0040989391020818,0.1946240113958074,1724.6700439453125,1694.2900390625,True,False,0.0002430711477938,True,WATCH,55.0,holding above VWAP; opening-range breakout; near support; enough daily range,1708.9145305424297,1748.0654499263203,1767.6409096182656,0.5125563037616185,246.0,BULL_TREND,WATCH,49.0,trend 2/3; confirmed OR breakout; near support; tradable daily range,1708.9145305424297,1748.0654499263203,1767.6409096182656,WATCH,61.0,trend 2/3; confirmed OR breakout; near support; tradable daily range; broad market bull trend; tight VWAP proximity,1708.9145305424297,1748.0654499263203,1767.6409096182656
2026-09-22T17:35:56.195699+00:00,MU,1043.9599609375,972.0499969482422,931.4550012207033,0.0429781863611428,1064.489990234375,1030.6800537109375,0.1887130245496844,1082.239990234375,1033.280029296875,-0.0102302119240609,0.0366681010088727,1069.8373993833234,0.0115929681073037,0.5434783703327657,1078.8299560546875,1030.0150146484375,True,False,-0.0008032380173331,False,WATCH,54.0,holding above VWAP; opening-range breakout; positive 1M trend; enough daily range,1066.006390380859,1098.473590087891,1114.7071899414063,1.3061230344843415,245.0,BULL_TREND,WATCH,51.0,trend 3/3; confirmed OR breakout; tradable daily range,1066.006390380859,1098.473590087891,1114.7071899414063,WATCH,63.0,trend 3/3; confirmed OR breakout; tradable daily range; broad market bull trend; tight VWAP proximity,1066.006390380859,1098.473590087891,1114.7071899414063
2026-09-22T17:35:56.195699+00:00,CVX,203.6699981689453,208.5740058898926,199.75220245361328,0.0229958747680542,209.0,203.5,0.0054660861780118,204.2001037597656,201.8699951171875,-0.0088378409581204,0.0026027671998141,203.3769201357124,0.004047576408886,0.3010926998359,203.3999938964844,200.77999877929688,True,False,-7.292597699515291e-05,True,WATCH,51.0,holding above VWAP; opening-range breakout; near support; positive 1M trend,202.55658775497648,205.8436197645548,207.48713576934392,0.7383814094948439,245.0,BULL_TREND,WATCH,49.0,trend 2/3; confirmed OR breakout; near support; tradable daily range,202.55658775497648,205.8436197645548,207.48713576934392,WATCH,61.0,trend 2/3; confirmed OR breakout; near support; tradable daily range; broad market bull trend; tight VWAP proximity,202.55658775497648,205.8436197645548,207.48713576934392
2026-09-22T17:35:56.195699+00:00,XOM,158.3000030517578,162.09859161376954,158.47763671875,0.0250744477006288,161.9499969482422,157.94000244140625,-0.0263834270858243,159.7218017578125,157.52999877929688,-0.0048642088289105,0.0089816720066,158.70855419471462,0.0063843286093752,0.2399377917373338,158.17999267578125,155.85000610351562,True,False,-0.0001139585246373,True,WATCH,51.0,holding above VWAP; opening-range breakout; near support; enough daily range,158.32007417012323,161.12352934550177,162.52525693319103,0.8828506403150869,245.0,BULL_TREND,NO TRADE,43.0,confirmed OR breakout; near support; tradable daily range,158.32007417012323,161.12352934550177,162.52525693319103,WATCH,55.0,confirmed OR breakout; near support; tradable daily range; broad market bull trend; tight VWAP proximity,158.32007417012323,161.12352934550177,162.52525693319103
2026-09-22T21:06:21.805601+00:00,ASML,1711.3199462890625,1687.162512207031,1720.8671997070312,0.0327399806291261,1722.3299560546875,1677.0899658203125,0.0044651948471938,1739.65,1696.0799560546875,-0.0089054009260058,0.0165545044761328,1729.2542116710663,0.0060117178022587,2.120774790530755,1724.6700439453125,1694.2900390625,True,False,-0.0031544643338036,True,ENTRY TRIGGERED,82.0,holding above VWAP; opening-range breakout; volume 2.1x; near support; positive 1M trend; enough daily range,1719.7153624444893,1759.5846375555109,1779.5192751110217,0.6066574052711413,390.0,BULL_TREND,WATCH,55.0,trend 3/3; confirmed OR breakout; near support; tradable daily range,1719.7153624444893,1759.5846375555109,1779.5192751110217,WATCH,67.0,trend 3/3; confirmed OR breakout; near support; tradable daily range; broad market bull trend; tight VWAP proximity,1719.7153624444893,1759.5846375555109,1779.5192751110217
2026-09-22T21:06:21.805601+00:00,WMT,107.44000244140624,106.41949996948242,109.68519958496094,0.0168246060587665,107.76000213623048,106.08000183105467,0.0340877543021109,110.1228,108.23799896240234,0.0074273687906074,0.0249701926436276,109.41643299590952,0.0064557670612135,11.211651482565294,108.36000061035156,107.61000061035156,True,False,0.0010253418923658,True,ENTRY TRIGGERED,75.0,holding above VWAP; opening-range breakout; volume 11.2x; near support; positive 1M trend,109.4620632,110.7835368,111.4442736,3.06642456112244,390.0,BULL_TREND,ENTRY TRIGGERED,77.0,trend 3/3; confirmed OR breakout; time-normalized volume 3.1x; near support; tradable daily range,109.4620632,110.7835368,111.4442736,ENTRY TRIGGERED,93.0,trend 3/3; confirmed OR breakout; time-normalized volume 3.1x; near support; tradable daily range; broad market bull trend; tight VWAP proximity; strong time-normalized volume,109.4620632,110.7835368,111.4442736
2026-09-22T21:06:21.805601+00:00,AMD,615.52001953125,506.218002319336,498.7872033691406,0.0414420012760515,616.6900024414062,582.27001953125,0.3656705408456486,623.15,607.0999755859375,-0.0136795614734428,0.0123959907503261,618.1284213457662,0.008123843655823,4.135103921819576,619.280029296875,606.3125,True,False,0.0001846234327556,False,ENTRY TRIGGERED,74.0,holding above VWAP; opening-range breakout; volume 4.1x; positive 1M trend; enough daily range,614.11139591669,632.18860408331,641.22720816662,1.8448757614991969,390.0,BULL_TREND,ENTRY TRIGGERED,65.0,trend 3/3; confirmed OR breakout; time-normalized volume 1.8x; tradable daily range,614.11139591669,632.18860408331,641.22720816662,ENTRY TRIGGERED,77.0,trend 3/3; confirmed OR breakout; time-normalized volume 1.8x; tradable daily range; broad market bull trend; tight VWAP proximity,614.11139591669,632.18860408331,641.22720816662
2026-09-22T21:06:21.805601+00:00,LLY,1164.8900146484375,1154.948992919922,1176.6516015625,0.02302152833497,1170.9000244140625,1134.4100341796875,-0.0615832771324809,1170.14,1146.1500244140625,-0.0160873473020805,0.0045068506773551,1166.280945808502,0.0033088547020914,7.737231468869509,1159.760009765625,1139.260009765625,True,False,-0.0040726417679983,True,WATCH,64.0,holding above VWAP; opening-range breakout; volume 7.7x; near support,1160.7115560919417,1179.5684439080587,1188.9968878161174,1.1495963108249871,390.0,BULL_TREND,NO TRADE,43.0,confirmed OR breakout; near support; tradable daily range,1160.7115560919417,1179.5684439080587,1188.9968878161174,WATCH,55.0,confirmed OR breakout; near support; tradable daily range; broad market bull trend; tight VWAP proximity,1160.7115560919417,1179.5684439080587,1188.9968878161174
2026-09-22T21:06:21.805601+00:00,RGTI,16.530000686645508,15.612000131607056,15.97610013961792,0.0507864355291875,16.559999465942383,16.110000610351562,0.0091630794648938,16.6988,16.510000228881836,-0.0012099489977535,0.0102116942736041,16.335895497720298,0.0222151581668934,1.4881556439461123,16.56999969482422,16.110000610351562,True,False,0.0096009114681232,False,WATCH,62.0,opening-range breakout; volume 1.5x; 15m momentum; positive 1M trend; enough daily range,16.448317999999997,16.949282,17.199764000000002,0.5896461455499925,390.0,BULL_TREND,NO TRADE,4.0,trend 3/3; controlled 15m momentum; tradable daily range; too extended from VWAP,16.448317999999997,16.949282,17.199764000000002,NO TRADE,12.0,trend 3/3; controlled 15m momentum; tradable daily range; too extended from VWAP; broad market bull trend,16.448317999999997,16.949282,17.199764000000002
2026-09-22T21:06:21.805601+00:00,MU,1043.9599609375,972.7459991455078,931.7334020996094,0.0438792912500893,1064.489990234375,1030.6800537109375,0.2040025515394545,1094.17,1033.280029296875,-0.0102302119240609,0.0480957516966553,1077.2849943499314,0.0156736664286851,3.8198235759971344,1078.8299560546875,1030.0150146484375,True,False,0.0008598552436762,False,WATCH,60.0,opening-range breakout; volume 3.8x; positive 1M trend; enough daily range,1077.75745,1110.58255,1126.9951,2.493323255424344,390.0,BULL_TREND,ENTRY TRIGGERED,73.0,trend 3/3; confirmed OR breakout; time-normalized volume 2.5x; tradable daily range,1077.75745,1110.58255,1126.9951,WATCH,85.0,trend 3/3; confirmed OR breakout; time-normalized volume 2.5x; tradable daily range; broad market bull trend; strong time-normalized volume,1077.75745,1110.58255,1126.9951
2026-09-22T21:06:21.805601+00:00,QQQ,741.469970703125,716.693994140625,710.9847973632812,0.0124336958846538,743.219970703125,727.8099975585938,0.058245574558039,747.3,741.0050048828125,-0.0006270865155491,0.0078627989362083,745.4974018358474,0.0024179804781525,1.5892675537006629,745.3699951171875,741.0,True,False,-0.0005349902373955,False,WATCH,59.0,holding above VWAP; opening-range breakout; volume 1.6x; positive 1M trend,742.8162,751.7837999999999,756.2675999999999,0.5774384101559153,390.0,BULL_TREND,WATCH,46.0,trend 3/3; confirmed OR breakout,742.8162,751.7837999999999,756.2675999999999,WATCH,58.0,trend 3/3; confirmed OR breakout; broad market bull trend; tight VWAP proximity,742.8162,751.7837999999999,756.2675999999999
2026-09-22T21:06:21.805601+00:00,XOM,158.3000030517578,162.04800186157226,158.4574008178711,0.0250744477006288,161.9499969482422,157.94000244140625,-0.032551028580023,158.71,157.52999877929688,-0.0048642088289105,0.0025899996231089,158.74049919256746,-0.0001921323967266,23.464161386157407,158.17999267578125,155.85000610351562,True,False,-0.0007240481690653,True,WATCH,57.0,opening-range breakout; volume 23.5x; near support; enough daily range,157.31715204190164,160.10284795809838,161.49569591619675,2.0736611258531927,390.0,BULL_TREND,NO TRADE,37.0,time-normalized volume 2.1x; near support; tradable daily range,157.31715204190164,160.10284795809838,161.49569591619675,NO TRADE,49.0,time-normalized volume 2.1x; near support; tradable daily range; broad market bull trend; strong time-normalized volume,157.31715204190164,160.10284795809838,161.49569591619675
2026-09-22T21:06:21.805601+00:00,MP,50.0,53.207999801635744,50.89759994506836,0.0502295902797154,50.650001525878906,48.584999084472656,-0.1111110668211147,51.14,50.68000030517578,0.0136000061035155,0.0227999999999999,50.00946989332557,0.0226063205446076,5.507939362904216,50.83390045166016,48.67229843139648,True,False,-0.0015619136820869,True,WATCH,57.0,opening-range breakout; volume 5.5x; near support; enough daily range,50.3729,51.9071,52.6742,1.7532420492691465,390.0,BULL_TREND,NO TRADE,4.0,time-normalized volume 1.8x; near support; tradable daily range; too extended from VWAP,50.3729,51.9071,52.6742,NO TRADE,12.0,time-normalized volume 1.8x; near support; tradable daily range; too extended from VWAP; broad market bull trend,50.3729,51.9071,52.6742
2026-09-22T21:06:21.805601+00:00,SNDK,1766.6400146484375,1619.6437438964845,1505.4770922851562,0.0593819697421298,1834.489990234375,1737.010009765625,0.2638234336379614,1882.0,1758.550048828125,-0.0045792950194906,0.0652990900211887,1871.1076190429787,0.0058213546063119,3.19947018176969,1909.47998046875,1758.1400146484375,False,False,-0.0053695427427692,False,WATCH,56.0,holding above VWAP; volume 3.2x; positive 1M trend; enough daily range,1853.77,1910.23,1938.46,1.479657957917127,390.0,BULL_TREND,NO TRADE,19.0,trend 3/3; time-normalized volume 1.5x; tradable daily range; already >5% up,1853.77,1910.23,1938.46,NO TRADE,31.0,trend 3/3; time-normalized volume 1.5x; tradable daily range; already >5% up; broad market bull trend; tight VWAP proximity,1853.77,1910.23,1938.46
2026-09-22T21:06:21.805601+00:00,TSLA,375.2999877929688,361.7199981689453,349.27919799804687,0.0349791618288987,378.3599853515625,371.0700073242188,0.0858288598416321,378.3699,379.0690002441406,0.0100426660638501,0.0081798889072299,377.62493370316565,0.0019727677659651,2.4380470531557847,379.25,372.8800048828125,False,False,-0.0027939084844226,False,WATCH,56.0,holding above VWAP; volume 2.4x; positive 1M trend; enough daily range,373.7376283128505,383.0021716871494,387.6344433742989,1.6314975610758728,390.0,BULL_TREND,NO TRADE,37.0,trend 3/3; time-normalized volume 1.6x; tradable daily range,373.7376283128505,383.0021716871494,387.6344433742989,NO TRADE,49.0,trend 3/3; time-normalized volume 1.6x; tradable daily range; broad market bull trend; tight VWAP proximity,373.7376283128505,383.0021716871494,387.6344433742989
2026-09-22T21:06:21.805601+00:00,CAT,816.5,803.8699951171875,834.9526000976563,0.0261438279814758,827.8099975585938,805.239990234375,-0.0037113877501626,808.01,806.0599975585938,-0.0127862859049678,-0.0103980404164115,807.0020990943767,0.0012489445898025,9.614249477605949,811.5999755859375,802.6099853515625,False,False,-0.0010755672999217,True,WATCH,53.0,holding above VWAP; volume 9.6x; near support; enough daily range,802.6099853515625,813.4100146484375,818.810029296875,2.913114716267048,390.0,BULL_TREND,NO TRADE,37.0,time-normalized volume 2.9x; near support; tradable daily range,802.6099853515625,813.4100146484375,818.810029296875,WATCH,53.0,time-normalized volume 2.9x; near support; tradable daily range; broad market bull trend; tight VWAP proximity; strong time-normalized volume,802.6099853515625,813.4100146484375,818.810029296875
2026-09-22T21:06:21.805601+00:00,MSFT,501.6099853515625,498.9630004882813,469.1509997558594,0.0207674234154581,501.8699951171875,491.3299865722656,0.0219367599576507,498.0441,507.5150146484375,0.011772152607242,-0.0071088803167729,497.76408920339,0.0005625371590347,2.172613615498886,508.5,495.8999938964844,False,False,-0.0009947216600915,True,WATCH,53.0,holding above VWAP; volume 2.2x; near support; positive 1M trend,495.8999938964844,500.18820610351565,502.3323122070313,0.7478188055513225,390.0,BULL_TREND,NO TRADE,21.0,trend 2/3; near support; tradable daily range,495.8999938964844,500.18820610351565,502.3323122070313,NO TRADE,33.0,trend 2/3; near support; tradable daily range; broad market bull trend; tight VWAP proximity,495.8999938964844,500.18820610351565,502.3323122070313
2026-09-22T21:06:21.805601+00:00,CRM,236.4199981689453,245.7844985961914,209.63039947509765,0.039218925619299,241.33999633789065,236.25,0.1158519157349311,233.28,241.5,0.0214871917367351,-0.0132814406279686,233.24862758617908,0.0001345020296392,5.029909104374449,242.44000244140625,234.6199951171875,False,False,0.0007292668234024,False,WATCH,52.0,holding above VWAP; volume 5.0x; positive 1M trend; enough daily range,230.07785316103548,236.48214683896447,239.68429367792905,1.7908157323230594,390.0,BULL_TREND,NO TRADE,31.0,trend 2/3; time-normalized volume 1.8x; tradable daily range,230.07785316103548,236.48214683896447,239.68429367792905,NO TRADE,43.0,trend 2/3; time-normalized volume 1.8x; tradable daily range; broad market bull trend; tight VWAP proximity,230.07785316103548,236.48214683896447,239.68429367792905
2026-09-22T21:06:21.805601+00:00,AVGO,362.6600036621094,359.317497253418,378.6187994384766,0.0307844272044475,363.9700012207031,353.5,0.0161110453282484,364.2,363.2300109863281,0.0015717402483397,0.004246391447471,363.3544604280674,0.0023270378212405,4.874816356996025,364.6380004882813,359.29010009765625,False,False,-0.0018636397547486,False,WATCH,52.0,holding above VWAP; volume 4.9x; positive 1M trend; enough daily range,360.27590906424905,368.1240909357509,372.04818187150187,1.987842298987288,390.0,BULL_TREND,NO TRADE,31.0,trend 2/3; time-normalized volume 2.0x; tradable daily range,360.27590906424905,368.1240909357509,372.04818187150187,NO TRADE,43.0,trend 2/3; time-normalized volume 2.0x; tradable daily range; broad market bull trend; tight VWAP proximity,360.27590906424905,368.1240909357509,372.04818187150187
2026-09-22T21:06:21.805601+00:00,GS,959.3900146484376,1005.16650390625,1032.5622009277345,0.0294334966437767,962.219970703125,942.6199951171876,-0.0837515310619155,949.49,967.3900146484376,0.0083386317116627,-0.0103190720116732,948.7393432814346,0.0007912149146984,7.66633326665333,967.760009765625,947.6400146484376,False,False,-0.002101956147623,True,WATCH,49.0,holding above VWAP; volume 7.7x; near support; enough daily range,947.6400146484376,953.28796,957.08592,2.416024092075437,390.0,BULL_TREND,NO TRADE,31.0,time-normalized volume 2.4x; near support; tradable daily range,947.6400146484376,953.28796,957.08592,NO TRADE,47.0,time-normalized volume 2.4x; near support; tradable daily range; broad market bull trend; tight VWAP proximity; strong time-normalized volume,947.6400146484376,953.28796,957.08592
2026-09-22T21:06:21.805601+00:00,NFLX,73.36000061035156,78.21100044250488,75.68359970092773,0.0335915766683275,73.87000274658203,71.79000091552734,-0.0981127142173443,72.14,73.75299835205078,0.0053571120287554,-0.0166303244302238,72.0997465064907,0.0005583028437647,4.236461633011688,73.76000213623047,71.93000030517578,False,False,-0.000484974718085,True,WATCH,49.0,holding above VWAP; volume 4.2x; near support; enough daily range,71.93000030517578,72.42856,72.71712,2.0190497925032083,390.0,BULL_TREND,NO TRADE,31.0,time-normalized volume 2.0x; near support; tradable daily range,71.93000030517578,72.42856,72.71712,NO TRADE,47.0,time-normalized volume 2.0x; near support; tradable daily range; broad market bull trend; tight VWAP proximity; strong time-normalized volume,71.93000030517578,72.42856,72.71712
2026-09-22T21:06:21.805601+00:00,PLTR,183.08999633789065,176.50799942016602,160.48419952392578,0.0385204811711351,183.3800048828125,176.75999450683594,0.0517369158854588,184.9989,185.0850067138672,0.0108963374071775,0.0104260402003968,184.0233834456292,0.0053010467262657,1.805240439552023,185.5399932861328,182.7100067138672,False,False,0.0003184684644546,False,WATCH,48.0,holding above VWAP; volume 1.8x; positive 1M trend; enough daily range,182.7100067138672,187.2877932861328,189.5766865722656,0.7126359794828934,390.0,BULL_TREND,NO TRADE,23.0,trend 3/3; tradable daily range,182.7100067138672,187.2877932861328,189.5766865722656,NO TRADE,35.0,trend 3/3; tradable daily range; broad market bull trend; tight VWAP proximity,182.7100067138672,187.2877932861328,189.5766865722656
2026-09-22T23:45:33.900818+00:00,ASML,1711.3199462890625,1687.162512207031,1720.8671997070312,0.0327399806291261,1722.3299560546875,1677.0899658203125,0.0044651948471938,1739.65,1696.0799560546875,-0.0089054009260058,0.0165545044761328,1729.2542116710663,0.0060117178022587,2.120774790530755,1724.6700439453125,1694.2900390625,True,False,-0.0031544643338036,True,ENTRY TRIGGERED,82.0,holding above VWAP; opening-range breakout; volume 2.1x; near support; positive 1M trend; enough daily range,1719.7153624444893,1759.5846375555109,1779.5192751110217,0.6066574052711413,390.0,BULL_TREND,WATCH,55.0,trend 3/3; confirmed OR breakout; near support; tradable daily range,1719.7153624444893,1759.5846375555109,1779.5192751110217,WATCH,67.0,trend 3/3; confirmed OR breakout; near support; tradable daily range; broad market bull trend; tight VWAP proximity,1719.7153624444893,1759.5846375555109,1779.5192751110217
2026-09-22T23:45:33.900818+00:00,WMT,107.44000244140624,106.41949996948242,109.68519958496094,0.0168246060587665,107.76000213623048,106.08000183105467,0.0340877543021109,110.1228,108.23799896240234,0.0074273687906074,0.0249701926436276,109.41643299590952,0.0064557670612135,11.211651482565294,108.36000061035156,107.61000061035156,True,False,0.0010253418923658,True,ENTRY TRIGGERED,75.0,holding above VWAP; opening-range breakout; volume 11.2x; near support; positive 1M trend,109.4620632,110.7835368,111.4442736,3.06642456112244,390.0,BULL_TREND,ENTRY TRIGGERED,77.0,trend 3/3; confirmed OR breakout; time-normalized volume 3.1x; near support; tradable daily range,109.4620632,110.7835368,111.4442736,ENTRY TRIGGERED,93.0,trend 3/3; confirmed OR breakout; time-normalized volume 3.1x; near support; tradable daily range; broad market bull trend; tight VWAP proximity; strong time-normalized volume,109.4620632,110.7835368,111.4442736
2026-09-22T23:45:33.900818+00:00,AMD,615.52001953125,506.218002319336,498.7872033691406,0.0414420012760515,616.6900024414062,582.27001953125,0.3656705408456486,623.15,607.0999755859375,-0.0136795614734428,0.0123959907503261,618.1284213457662,0.008123843655823,4.135103921819576,619.280029296875,606.3125,True,False,0.0001846234327556,False,ENTRY TRIGGERED,74.0,holding above VWAP; opening-range breakout; volume 4.1x; positive 1M trend; enough daily range,614.11139591669,632.18860408331,641.22720816662,1.8448757614991969,390.0,BULL_TREND,ENTRY TRIGGERED,65.0,trend 3/3; confirmed OR breakout; time-normalized volume 1.8x; tradable daily range,614.11139591669,632.18860408331,641.22720816662,ENTRY TRIGGERED,77.0,trend 3/3; confirmed OR breakout; time-normalized volume 1.8x; tradable daily range; broad market bull trend; tight VWAP proximity,614.11139591669,632.18860408331,641.22720816662
2026-09-22T23:45:33.900818+00:00,LLY,1164.8900146484375,1154.948992919922,1176.6516015625,0.02302152833497,1170.9000244140625,1134.4100341796875,-0.0615832771324809,1170.14,1146.1500244140625,-0.0160873473020805,0.0045068506773551,1166.280945808502,0.0033088547020914,7.737231468869509,1159.760009765625,1139.260009765625,True,False,-0.0040726417679983,True,WATCH,64.0,holding above VWAP; opening-range breakout; volume 7.7x; near support,1160.7115560919417,1179.5684439080587,1188.9968878161174,1.1495963108249871,390.0,BULL_TREND,NO TRADE,43.0,confirmed OR breakout; near support; tradable daily range,1160.7115560919417,1179.5684439080587,1188.9968878161174,WATCH,55.0,confirmed OR breakout; near support; tradable daily range; broad market bull trend; tight VWAP proximity,1160.7115560919417,1179.5684439080587,1188.9968878161174
2026-09-22T23:45:33.900818+00:00,RGTI,16.530000686645508,15.612000131607056,15.97610013961792,0.0507864355291875,16.559999465942383,16.110000610351562,0.0091630794648938,16.6988,16.510000228881836,-0.0012099489977535,0.0102116942736041,16.335895497720298,0.0222151581668934,1.4881556439461123,16.56999969482422,16.110000610351562,True,False,0.0096009114681232,False,WATCH,62.0,opening-range breakout; volume 1.5x; 15m momentum; positive 1M trend; enough daily range,16.448317999999997,16.949282,17.199764000000002,0.5896461455499925,390.0,BULL_TREND,NO TRADE,4.0,trend 3/3; controlled 15m momentum; tradable daily range; too extended from VWAP,16.448317999999997,16.949282,17.199764000000002,NO TRADE,12.0,trend 3/3; controlled 15m momentum; tradable daily range; too extended from VWAP; broad market bull trend,16.448317999999997,16.949282,17.199764000000002
2026-09-22T23:45:33.900818+00:00,MU,1043.9599609375,972.7459991455078,931.7334020996094,0.0438792912500893,1064.489990234375,1030.6800537109375,0.2040025515394545,1094.17,1033.280029296875,-0.0102302119240609,0.0480957516966553,1077.2849943499314,0.0156736664286851,3.8198235759971344,1078.8299560546875,1030.0150146484375,True,False,0.0008598552436762,False,WATCH,60.0,opening-range breakout; volume 3.8x; positive 1M trend; enough daily range,1077.75745,1110.58255,1126.9951,2.493323255424344,390.0,BULL_TREND,ENTRY TRIGGERED,73.0,trend 3/3; confirmed OR breakout; time-normalized volume 2.5x; tradable daily range,1077.75745,1110.58255,1126.9951,WATCH,85.0,trend 3/3; confirmed OR breakout; time-normalized volume 2.5x; tradable daily range; broad market bull trend; strong time-normalized volume,1077.75745,1110.58255,1126.9951
2026-09-22T23:45:33.900818+00:00,QQQ,741.469970703125,716.693994140625,710.9847973632812,0.0124336958846538,743.219970703125,727.8099975585938,0.058245574558039,747.3,741.0050048828125,-0.0006270865155491,0.0078627989362083,745.4974018358474,0.0024179804781525,1.5892675537006629,745.3699951171875,741.0,True,False,-0.0005349902373955,False,WATCH,59.0,holding above VWAP; opening-range breakout; volume 1.6x; positive 1M trend,742.8162,751.7837999999999,756.2675999999999,0.5774384101559153,390.0,BULL_TREND,WATCH,46.0,trend 3/3; confirmed OR breakout,742.8162,751.7837999999999,756.2675999999999,WATCH,58.0,trend 3/3; confirmed OR breakout; broad market bull trend; tight VWAP proximity,742.8162,751.7837999999999,756.2675999999999
2026-09-22T23:45:33.900818+00:00,XOM,158.3000030517578,162.04800186157226,158.4574008178711,0.0250744477006288,161.9499969482422,157.94000244140625,-0.032551028580023,158.71,157.52999877929688,-0.0048642088289105,0.0025899996231089,158.74049919256746,-0.0001921323967266,23.464161386157407,158.17999267578125,155.85000610351562,True,False,-0.0007240481690653,True,WATCH,57.0,opening-range breakout; volume 23.5x; near support; enough daily range,157.31715204190164,160.10284795809838,161.49569591619675,2.0736611258531927,390.0,BULL_TREND,NO TRADE,37.0,time-normalized volume 2.1x; near support; tradable daily range,157.31715204190164,160.10284795809838,161.49569591619675,NO TRADE,49.0,time-normalized volume 2.1x; near support; tradable daily range; broad market bull trend; strong time-normalized volume,157.31715204190164,160.10284795809838,161.49569591619675
2026-09-22T23:45:33.900818+00:00,MP,50.0,53.207999801635744,50.89759994506836,0.0502295902797154,50.650001525878906,48.584999084472656,-0.1111110668211147,51.14,50.68000030517578,0.0136000061035155,0.0227999999999999,50.00946989332557,0.0226063205446076,5.507939362904216,50.83390045166016,48.67229843139648,True,False,-0.0015619136820869,True,WATCH,57.0,opening-range breakout; volume 5.5x; near support; enough daily range,50.3729,51.9071,52.6742,1.7532420492691465,390.0,BULL_TREND,NO TRADE,4.0,time-normalized volume 1.8x; near support; tradable daily range; too extended from VWAP,50.3729,51.9071,52.6742,NO TRADE,12.0,time-normalized volume 1.8x; near support; tradable daily range; too extended from VWAP; broad market bull trend,50.3729,51.9071,52.6742
2026-09-22T23:45:33.900818+00:00,SNDK,1766.6400146484375,1619.6437438964845,1505.4770922851562,0.0593819697421298,1834.489990234375,1737.010009765625,0.2638234336379614,1882.0,1758.550048828125,-0.0045792950194906,0.0652990900211887,1871.1076190429787,0.0058213546063119,3.19947018176969,1909.47998046875,1758.1400146484375,False,False,-0.0053695427427692,False,WATCH,56.0,holding above VWAP; volume 3.2x; positive 1M trend; enough daily range,1853.77,1910.23,1938.46,1.479657957917127,390.0,BULL_TREND,NO TRADE,19.0,trend 3/3; time-normalized volume 1.5x; tradable daily range; already >5% up,1853.77,1910.23,1938.46,NO TRADE,31.0,trend 3/3; time-normalized volume 1.5x; tradable daily range; already >5% up; broad market bull trend; tight VWAP proximity,1853.77,1910.23,1938.46
2026-09-22T23:45:33.900818+00:00,TSLA,375.2999877929688,361.7199981689453,349.27919799804687,0.0349791618288987,378.3599853515625,371.0700073242188,0.0858288598416321,378.3699,379.0690002441406,0.0100426660638501,0.0081798889072299,377.62493370316565,0.0019727677659651,2.4380470531557847,379.25,372.8800048828125,False,False,-0.0027939084844226,False,WATCH,56.0,holding above VWAP; volume 2.4x; positive 1M trend; enough daily range,373.7376283128505,383.0021716871494,387.6344433742989,1.6314975610758728,390.0,BULL_TREND,NO TRADE,37.0,trend 3/3; time-normalized volume 1.6x; tradable daily range,373.7376283128505,383.0021716871494,387.6344433742989,NO TRADE,49.0,trend 3/3; time-normalized volume 1.6x; tradable daily range; broad market bull trend; tight VWAP proximity,373.7376283128505,383.0021716871494,387.6344433742989
2026-09-22T23:45:33.900818+00:00,CAT,816.5,803.8699951171875,834.9526000976563,0.0261438279814758,827.8099975585938,805.239990234375,-0.0037113877501626,808.01,806.0599975585938,-0.0127862859049678,-0.0103980404164115,807.0020990943767,0.0012489445898025,9.614249477605949,811.5999755859375,802.6099853515625,False,False,-0.0010755672999217,True,WATCH,53.0,holding above VWAP; volume 9.6x; near support; enough daily range,802.6099853515625,813.4100146484375,818.810029296875,2.913114716267048,390.0,BULL_TREND,NO TRADE,37.0,time-normalized volume 2.9x; near support; tradable daily range,802.6099853515625,813.4100146484375,818.810029296875,WATCH,53.0,time-normalized volume 2.9x; near support; tradable daily range; broad market bull trend; tight VWAP proximity; strong time-normalized volume,802.6099853515625,813.4100146484375,818.810029296875
2026-09-22T23:45:33.900818+00:00,MSFT,501.6099853515625,498.9630004882813,469.1509997558594,0.0207674234154581,501.8699951171875,491.3299865722656,0.0219367599576507,498.0441,507.5150146484375,0.011772152607242,-0.0071088803167729,497.76408920339,0.0005625371590347,2.172613615498886,508.5,495.8999938964844,False,False,-0.0009947216600915,True,WATCH,53.0,holding above VWAP; volume 2.2x; near support; positive 1M trend,495.8999938964844,500.18820610351565,502.3323122070313,0.7478188055513225,390.0,BULL_TREND,NO TRADE,21.0,trend 2/3; near support; tradable daily range,495.8999938964844,500.18820610351565,502.3323122070313,NO TRADE,33.0,trend 2/3; near support; tradable daily range; broad market bull trend; tight VWAP proximity,495.8999938964844,500.18820610351565,502.3323122070313
2026-09-22T23:45:33.900818+00:00,CRM,236.4199981689453,245.7844985961914,209.63039947509765,0.039218925619299,241.33999633789065,236.25,0.1158519157349311,233.28,241.5,0.0214871917367351,-0.0132814406279686,233.24862758617908,0.0001345020296392,5.029909104374449,242.44000244140625,234.6199951171875,False,False,0.0007292668234024,False,WATCH,52.0,holding above VWAP; volume 5.0x; positive 1M trend; enough daily range,230.07785316103548,236.48214683896447,239.68429367792905,1.7908157323230594,390.0,BULL_TREND,NO TRADE,31.0,trend 2/3; time-normalized volume 1.8x; tradable daily range,230.07785316103548,236.48214683896447,239.68429367792905,NO TRADE,43.0,trend 2/3; time-normalized volume 1.8x; tradable daily range; broad market bull trend; tight VWAP proximity,230.07785316103548,236.48214683896447,239.68429367792905
2026-09-22T23:45:33.900818+00:00,AVGO,362.6600036621094,359.317497253418,378.6187994384766,0.0307844272044475,363.9700012207031,353.5,0.0161110453282484,364.2,363.2300109863281,0.0015717402483397,0.004246391447471,363.3544604280674,0.0023270378212405,4.874816356996025,364.6380004882813,359.29010009765625,False,False,-0.0018636397547486,False,WATCH,52.0,holding above VWAP; volume 4.9x; positive 1M trend; enough daily range,360.27590906424905,368.1240909357509,372.04818187150187,1.9878422989872877,390.0,BULL_TREND,NO TRADE,31.0,trend 2/3; time-normalized volume 2.0x; tradable daily range,360.27590906424905,368.1240909357509,372.04818187150187,NO TRADE,43.0,trend 2/3; time-normalized volume 2.0x; tradable daily range; broad market bull trend; tight VWAP proximity,360.27590906424905,368.1240909357509,372.04818187150187
2026-09-22T23:45:33.900818+00:00,GS,959.3900146484376,1005.16650390625,1032.5622009277345,0.0294334966437767,962.219970703125,942.6199951171876,-0.0837515310619155,949.49,967.3900146484376,0.0083386317116627,-0.0103190720116732,948.7393432814346,0.0007912149146984,7.66633326665333,967.760009765625,947.6400146484376,False,False,-0.002101956147623,True,WATCH,49.0,holding above VWAP; volume 7.7x; near support; enough daily range,947.6400146484376,953.28796,957.08592,2.416024092075437,390.0,BULL_TREND,NO TRADE,31.0,time-normalized volume 2.4x; near support; tradable daily range,947.6400146484376,953.28796,957.08592,NO TRADE,47.0,time-normalized volume 2.4x; near support; tradable daily range; broad market bull trend; tight VWAP proximity; strong time-normalized volume,947.6400146484376,953.28796,957.08592
2026-09-22T23:45:33.900818+00:00,NFLX,73.36000061035156,78.21100044250488,75.68359970092773,0.0335915766683275,73.87000274658203,71.79000091552734,-0.0981127142173443,72.14,73.75299835205078,0.0053571120287554,-0.0166303244302238,72.0997465064907,0.0005583028437647,4.236461633011688,73.76000213623047,71.93000030517578,False,False,-0.000484974718085,True,WATCH,49.0,holding above VWAP; volume 4.2x; near support; enough daily range,71.93000030517578,72.42856,72.71712,2.0190497925032083,390.0,BULL_TREND,NO TRADE,31.0,time-normalized volume 2.0x; near support; tradable daily range,71.93000030517578,72.42856,72.71712,NO TRADE,47.0,time-normalized volume 2.0x; near support; tradable daily range; broad market bull trend; tight VWAP proximity; strong time-normalized volume,71.93000030517578,72.42856,72.71712
2026-09-22T23:45:33.900818+00:00,PLTR,183.08999633789065,176.50799942016602,160.48419952392578,0.0385204811711351,183.3800048828125,176.75999450683594,0.0517369158854588,184.9989,185.0850067138672,0.0108963374071775,0.0104260402003968,184.0233834456292,0.0053010467262657,1.805240439552023,185.5399932861328,182.7100067138672,False,False,0.0003184684644546,False,WATCH,48.0,holding above VWAP; volume 1.8x; positive 1M trend; enough daily range,182.7100067138672,187.2877932861328,189.5766865722656,0.7126359794828934,390.0,BULL_TREND,NO TRADE,23.0,trend 3/3; tradable daily range,182.7100067138672,187.2877932861328,189.5766865722656,NO TRADE,35.0,trend 3/3; tradable daily range; broad market bull trend; tight VWAP proximity,182.7100067138672,187.2877932861328,189.5766865722656
2026-09-23T17:47:38.061130+00:00,META,741.25,633.8446075439454,610.7324401855469,0.03645290667911347,753.0,679.5999755859375,0.34585910402289155,752.3621826171875,747.9500122070312,0.009038802302908877,0.014991140124367641,751.5035676312982,0.0011425294873790293,0.5205053989838146,763.9000244140625,739.510009765625,False,True,0.004542513011002169,False,WATCH,54.0,VWAP reclaim; 15m momentum; positive 1M trend; enough daily range,742.7631566660441,761.9612085683309,771.5602345194743,0.5963824213990209,255.0,BULL_TREND,NO TRADE,37.0,trend 3/3; VWAP reclaim context; controlled 15m momentum; tradable daily range,742.7631566660441,761.9612085683309,771.5602345194743,NO TRADE,49.0,trend 3/3; VWAP reclaim context; controlled 15m momentum; tradable daily range; broad market bull trend; tight VWAP proximity,742.7631566660441,761.9612085683309,771.5602345194743
2026-09-23T17:47:38.061130+00:00,CAT,816.5,803.9862457275391,834.9991003417969,0.026500748290695257,827.8099975585938,805.239990234375,-0.0008446123919230164,810.3350219726562,803.969970703125,-0.015346024858389429,-0.007550493603605379,806.5542987695093,0.004687499910315918,0.5259555978065982,809.1099853515625,798.530029296875,True,False,0.0018112018795510831,True,WATCH,51.0,holding above VWAP; opening-range breakout; near support; enough daily range,802.8189524157049,817.8510915296076,825.367161086559,0.6517951842574413,255.0,BULL_TREND,NO TRADE,43.0,confirmed OR breakout; near support; tradable daily range,802.8189524157049,817.8510915296076,825.367161086559,WATCH,55.0,confirmed OR breakout; near support; tradable daily range; broad market bull trend; tight VWAP proximity,802.8189524157049,817.8510915296076,825.367161086559
2026-09-23T17:47:38.061130+00:00,CRM,236.4199981689453,246.09349899291993,209.75399963378905,0.03748774170003107,241.33999633789062,236.25,0.14541284564376378,239.4600067138672,234.4149932861328,-0.008480690712888594,0.012858508453034823,238.09054195150512,0.0057518654505857025,0.5273204497252734,238.8800048828125,234.24000549316406,True,False,-0.0012095653227646164,False,WATCH,50.0,holding above VWAP; opening-range breakout; positive 1M trend; enough daily range,236.3181215061552,242.60189192157918,245.74377712929117,0.5213444509835876,255.0,BULL_TREND,WATCH,45.0,trend 2/3; confirmed OR breakout; tradable daily range,236.3181215061552,242.60189192157918,245.74377712929117,WATCH,57.0,trend 2/3; confirmed OR breakout; tradable daily range; broad market bull trend; tight VWAP proximity,236.3181215061552,242.60189192157918,245.74377712929117
